Workbook

Sheet Consolidado_Chincha
A1: N° | B1: APELLIDOS | C1: NOMBRES | D1: DNI | E1: CODIGO | F1: TELEFONO | G1: CORREO | H1: AREA | I1: CARRERA | J1: SEDE DE ESTUDIO | K1: ASISTENCIA | L1: COMUNICACIÓN (25 Ptos) | M1: % | N1: H. COMUNICATIVAS (10 Pts) | O1: % | P1: MATEMATICA (50 Pts) | Q1: % | R1: CTA (15 Pts) | S1: % | T1: TOTAL (100 Pts) | U1: % | V1: CONDICIÓN | W1: MODALIDAD | X1: FECHA | Y1: EXAMEN | Z1: MODALIDAD DE INGRESO
A2: 1 | B2: YARLEQUE CABELLO | C2: MARIBEL ROXANA | D2: 48037096 | E2: A261001149 | G2: ladesiempre050@gmail.com | H2: B | I2: ENFERMERÍA | J2: Filial-Huacho | K2: ASISTIÓ | L2: 14 | M2: 0.56 | N2: 4 | O2: 0.4 | P2: 10 | Q2: 0.33333333 | R2: 14 | S2: 0.4 | T2: 42 | U2: 0.42 | V2: INGRESÓ | W2: VIRTUAL | X2: 46011 | Y2: DICIEMBRE | Z2: EXAMEN ORDINARIO
A3: 2 | B3: HUACHO QUITO | C3: LEISLE ZOFIA | D3: 60248123 | E3: A261001214 | G3: leslyhuacho462@gmail.com | H3: B | I3: ENFERMERÍA | J3: Filial-Huacho | K3: ASISTIÓ | L3: 15 | M3: 0.6 | N3: 5 | O3: 0.5 | P3: 8 | Q3: 0.26666667 | R3: 15 | S3: 0.42857143 | T3: 43 | U3: 0.43 | V3: INGRESÓ | W3: VIRTUAL | X3: 46011 | Y3: DICIEMBRE | Z3: EXAMEN ORDINARIO
A4: 3 | B4: GIRALDO JUSTINO | C4: BRITHANNY HARLEY | D4: 60459269 | E4: A261001236 | G4: harleyjustino2006@gmail.com | H4: B | I4: ENFERMERÍA | J4: Filial-Huacho | K4: ASISTIÓ | L4: 20 | M4: 0.8 | N4: 7 | O4: 0.7 | P4: 23 | Q4: 0.76666667 | R4: 33 | S4: 0.94285714 | T4: 83 | U4: 0.83 | V4: INGRESÓ | W4: VIRTUAL | X4: 46011 | Y4: DICIEMBRE | Z4: EXAMEN ORDINARIO
A5: 4 | B5: ACEVEDO GUEVARA | C5: YHADIRA MICHELLE | D5: 60577442 | E5: A261000900 | F5: 996186698 | G5: isabelhuertas507@gmail.com | H5: B | I5: ENFERMERÍA | J5: Filial-Huacho | K5: ASISTIÓ | L5: 10 | M5: 0.4 | N5: 6 | O5: 0.6 | P5: 17 | Q5: 0.56666667 | R5: 27 | S5: 0.77142857 | T5: 60 | U5: 0.6 | V5: INGRESÓ | W5: VIRTUAL | X5: 46011 | Y5: DICIEMBRE | Z5: EXAMEN ORDINARIO
A6: 5 | B6: CHAVEZ SALVADOR | C6: ROSALINDA NATALIA | D6: 60650008 | E6: A261001205 | G6: rosalindachavezsalvador7@gmail.com | H6: B | I6: ENFERMERÍA | J6: Filial-Huacho | K6: ASISTIÓ | L6: 17 | M6: 0.68 | N6: 8 | O6: 0.8 | P6: 27 | Q6: 0.9 | R6: 32 | S6: 0.91428571 | T6: 84 | U6: 0.84 | V6: INGRESÓ | W6: VIRTUAL | X6: 46011 | Y6: DICIEMBRE | Z6: PRIMERA OPCIÓN
A7: 6 | B7: FLORES MEZA | C7: JACKELINE FIORELLA | D7: 61035075 | E7: A261001113 | G7: fiorelaflores701@gmail.com | H7: B | I7: ENFERMERÍA | J7: Filial-Huacho | K7: ASISTIÓ | L7: 11 | M7: 0.44 | N7: 5 | O7: 0.5 | P7: 20 | Q7: 0.66666667 | R7: 25 | S7: 0.71428571 | T7: 61 | U7: 0.61 | V7: INGRESÓ | W7: VIRTUAL | X7: 46011 | Y7: DICIEMBRE | Z7: EXAMEN ORDINARIO
A8: 7 | B8: ORTIZ PASCUAL | C8: ARIANA EDELINA | D8: 61062460 | E8: A261001233 | G8: arianaortizpascual@gmail.com | H8: B | I8: ENFERMERÍA | J8: Filial-Huacho | K8: ASISTIÓ | L8: 17 | M8: 0.68 | N8: 7 | O8: 0.7 | P8: 15 | Q8: 0.5 | R8: 23 | S8: 0.65714286 | T8: 62 | U8: 0.62 | V8: INGRESÓ | W8: VIRTUAL | X8: 46011 | Y8: DICIEMBRE | Z8: EXAMEN ORDINARIO
A9: 8 | B9: ZAVALETA CASTILLO | C9: STHEFANI YASHURI | D9: 61113531 | E9: A261000898 | G9: sthefanyzavaleta74@gmail.com | H9: B | I9: ENFERMERÍA | J9: Filial-Huacho | K9: ASISTIÓ | L9: 13 | M9: 0.52 | N9: 5 | O9: 0.5 | P9: 11 | Q9: 0.36666667 | R9: 24 | S9: 0.68571429 | T9: 53 | U9: 0.53 | V9: INGRESÓ | W9: VIRTUAL | X9: 46011 | Y9: DICIEMBRE | Z9: EXAMEN ORDINARIO
A10: 9 | B10: ROMERO AIRA | C10: JUAN DAVID | D10: 61369069 | E10: A261001217 | G10: shetosbv16@gmail.com | H10: B | I10: ENFERMERÍA | J10: Filial-Huacho | K10: ASISTIÓ | L10: 17 | M10: 0.68 | N10: 8 | O10: 0.8 | P10: 25 | Q10: 0.83333333 | R10: 30 | S10: 0.85714286 | T10: 80 | U10: 0.8 | V10: INGRESÓ | W10: VIRTUAL | X10: 46011 | Y10: DICIEMBRE | Z10: PRIMERA OPCIÓN
A11: 10 | B11: SANDOVAL FLORES | C11: JULIETA DEL CARMEN | D11: 61505762 | E11: A261001027 | G11: irmafloresbartolome@gmail.com | H11: B | I11: ENFERMERÍA | J11: Filial-Huacho | K11: ASISTIÓ | L11: 16 | M11: 0.64 | N11: 7 | O11: 0.7 | P11: 17 | Q11: 0.56666667 | R11: 29 | S11: 0.82857143 | T11: 69 | U11: 0.69 | V11: INGRESÓ | W11: VIRTUAL | X11: 46011 | Y11: DICIEMBRE | Z11: PRIMERA OPCIÓN
A12: 11 | B12: ROBLES CARQUIN | C12: GRACE ABIGAIL BRESHITH | D12: 61506255 | E12: A261001280 | G12: graceroblescarquin0110@gmail.com | H12: B | I12: ENFERMERÍA | J12: Filial-Huacho | K12: ASISTIÓ | L12: 5 | M12: 0.2 | N12: 4 | O12: 0.4 | P12: 13 | Q12: 0.43333333 | R12: 28 | S12: 0.8 | T12: 50 | U12: 0.5 | V12: INGRESÓ | W12: VIRTUAL | X12: 46011 | Y12: DICIEMBRE | Z12: PRIMERA OPCIÓN
A13: 12 | B13: CHUMBES ZENOZAIN | C13: CARLOS SEBASTIAN | D13: 71894777 | E13: A261000964 | G13: sebastianzenozain038@gmail.com | H13: B | I13: ENFERMERÍA | J13: Filial-Huacho | K13: ASISTIÓ | L13: 14 | M13: 0.56 | N13: 8 | O13: 0.8 | P13: 16 | Q13: 0.53333333 | R13: 26 | S13: 0.74285714 | T13: 64 | U13: 0.64 | V13: INGRESÓ | W13: VIRTUAL | X13: 46011 | Y13: DICIEMBRE | Z13: EXAMEN ORDINARIO
A14: 13 | B14: TOLENTINO SERPA | C14: ANGIE NYCOLE | D14: 75978308 | E14: A261000963 | G14: serpaangie@gmail.com | H14: B | I14: ENFERMERÍA | J14: Filial-Huacho | K14: ASISTIÓ | L14: 17 | M14: 0.68 | N14: 8 | O14: 0.8 | P14: 26 | Q14: 0.86666667 | R14: 35 | S14: 1 | T14: 86 | U14: 0.86 | V14: INGRESÓ | W14: VIRTUAL | X14: 46011 | Y14: DICIEMBRE | Z14: EXAMEN ORDINARIO
A15: 14 | B15: ORTIZ RAMOS | C15: SAMIRA VIVIANA | D15: 76345536 | E15: A261000943 | G15: samiraortizramos25@gmail.com | H15: B | I15: ENFERMERÍA | J15: Filial-Huacho | K15: ASISTIÓ | L15: 20 | M15: 0.8 | N15: 8 | O15: 0.8 | P15: 11 | Q15: 0.36666667 | R15: 32 | S15: 0.91428571 | T15: 71 | U15: 0.71 | V15: INGRESÓ | W15: VIRTUAL | X15: 46011 | Y15: DICIEMBRE | Z15: EXAMEN ORDINARIO
A16: 15 | B16: PALMA HUANCA | C16: DIANA CAROLINA | D16: 46430439 | E16: A261000851 | G16: dianaisis1990@gmail.com | H16: B | I16: OBSTETRICIA | J16: Filial-Huacho | K16: ASISTIÓ | L16: 12 | M16: 0.48 | N16: 3 | O16: 0.3 | P16: 20 | Q16: 0.66666667 | R16: 23 | S16: 0.65714286 | T16: 58 | U16: 0.58 | V16: INGRESÓ | W16: VIRTUAL | X16: 46011 | Y16: DICIEMBRE | Z16: EXAMEN ORDINARIO
A17: 16 | B17: FERRER QUISPE | C17: HALISON NICOLE | D17: 60565694 | E17: A261001223 | G17: alissonferrerquispe@gmail.com | H17: B | I17: OBSTETRICIA | J17: Filial-Huacho | K17: ASISTIÓ | L17: 11 | M17: 0.44 | N17: 4 | O17: 0.4 | P17: 18 | Q17: 0.6 | R17: 21 | S17: 0.6 | T17: 54 | U17: 0.54 | V17: INGRESÓ | W17: VIRTUAL | X17: 46011 | Y17: DICIEMBRE | Z17: EXAMEN ORDINARIO
... A23: 22 | B23: ROMAN UNZUETA | C23: MASSIEL ANDREA | D23: 61565276 | E23: A261000986 | G23: andrearomanunzueta036@gmail.com | H23: B | I23: OBSTETRICIA | J23: Filial-Huacho | K23: ASISTIÓ | L23: 17 | M23: 0.68 | N23: 7 | O23: 0.7 | P23: 26 | Q23: 0.86666667 | R23: 29 | S23: 0.82857143 | T23: 79 | U23: 0.79 | V23: INGRESÓ | W23: VIRTUAL | X23: 46011 | Y23: DICIEMBRE | Z23: PRIMERA OPCIÓN
A24: 23 | B24: LEON CHINCHAY | C24: GERAME DENNIS | D24: 75108509 | E24: A261000871 | F24: 905612939 | G24: leongerami10@gmail.com | H24: B | I24: OBSTETRICIA | J24: Filial-Huacho | K24: ASISTIÓ | L24: 16 | M24: 0.64 | N24: 5 | O24: 0.5 | P24: 24 | Q24: 0.8 | R24: 31 | S24: 0.88571429 | T24: 76 | U24: 0.76 | V24: INGRESÓ | W24: VIRTUAL | X24: 46011 | Y24: DICIEMBRE | Z24: EXAMEN ORDINARIO
A25: 24 | B25: ROMERO LLAGAS | C25: NICOLE NASAY | D25: 75975765 | E25: A261000897 | G25: nasayromerollagas@gmail.com | H25: B | I25: OBSTETRICIA | J25: Filial-Huacho | K25: ASISTIÓ | L25: 11 | M25: 0.44 | N25: 7 | O25: 0.7 | P25: 10 | Q25: 0.33333333 | R25: 30 | S25: 0.85714286 | T25: 58 | U25: 0.58 | V25: INGRESÓ | W25: VIRTUAL | X25: 46011 | Y25: DICIEMBRE | Z25: EXAMEN ORDINARIO
A26: 25 | B26: AURIS ANDRES | C26: NAYDU EVELYN | D26: 47351249 | E26: A261000955 | G26: nayduaurisandres20@gmail.com | H26: B | I26: PSICOLOGÍA | J26: Filial-Huacho | K26: ASISTIÓ | L26: 19 | M26: 0.76 | N26: 9 | O26: 0.9 | P26: 13 | Q26: 0.43333333 | R26: 15 | S26: 0.42857143 | T26: 56 | U26: 0.56 | V26: INGRESÓ | W26: VIRTUAL | X26: 46011 | Y26: DICIEMBRE | Z26: EXAMEN ORDINARIO
A27: 26 | B27: RAMIREZ LLIQUE | C27: SANDRA CORINA | D27: 48111510 | E27: A261001259 | G27: sandracorina30@gmail.com | H27: B | I27: PSICOLOGÍA | J27: Filial-Huacho | K27: ASISTIÓ | L27: 13 | M27: 0.52 | N27: 6 | O27: 0.6 | P27: 13 | Q27: 0.43333333 | R27: 28 | S27: 0.8 | T27: 60 | U27: 0.6 | V27: INGRESÓ | W27: VIRTUAL | X27: 46011 | Y27: DICIEMBRE | Z27: EXAMEN ORDINARIO
A28: 27 | B28: MELGAR MEDINA | C28: LUCIANA LISET | D28: 60195925 | E28: A261001277 | G28: lucymelgmed@gmail.com | H28: B | I28: PSICOLOGÍA | J28: Filial-Huacho | K28: ASISTIÓ | L28: 8 | M28: 0.32 | N28: 8 | O28: 0.8 | P28: 23 | Q28: 0.76666667 | R28: 13 | S28: 0.37142857 | T28: 52 | U28: 0.52 | V28: INGRESÓ | W28: VIRTUAL | X28: 46011 | Y28: DICIEMBRE | Z28: EXAMEN ORDINARIO
A29: 28 | B29: SIGUEÑAS BEDON | C29: HELEN YASHURIN | D29: 60405475 | E29: A261001005 | G29: helenyashurinsiguenasbedon@gmail.com | H29: B | I29: PSICOLOGÍA | J29: Filial-Huacho | K29: ASISTIÓ | L29: 17 | M29: 0.68 | N29: 8 | O29: 0.8 | P29: 23 | Q29: 0.76666667 | R29: 29 | S29: 0.82857143 | T29: 77 | U29: 0.77 | V29: INGRESÓ | W29: VIRTUAL | X29: 46011 | Y29: DICIEMBRE | Z29: PRIMERA OPCIÓN
A30: 29 | B30: FELIX MENDOZA | C30: DULCE INES | D30: 60584671 | E30: A261001161 | G30: inesmid15@gmail.com | H30: B | I30: PSICOLOGÍA | J30: Filial-Huacho | K30: ASISTIÓ | L30: 12 | M30: 0.48 | N30: 8 | O30: 0.8 | P30: 23 | Q30: 0.76666667 | R30: 23 | S30: 0.65714286 | T30: 66 | U30: 0.66 | V30: INGRESÓ | W30: VIRTUAL | X30: 46011 | Y30: DICIEMBRE | Z30: EXAMEN ORDINARIO
A31: 30 | B31: BECERRA QUIÑONEZ | C31: EVER DAVID | D31: 60620325 | E31: A261000935 | G31: everdavidbecerra@gmail.com | H31: B | I31: PSICOLOGÍA | J31: Filial-Huacho | K31: ASISTIÓ | L31: 16 | M31: 0.64 | N31: 8 | O31: 0.8 | P31: 6 | Q31: 0.2 | R31: 12 | S31: 0.34285714 | T31: 42 | U31: 0.42 | V31: INGRESÓ | W31: VIRTUAL | X31: 46011 | Y31: DICIEMBRE | Z31: PRIMERA OPCIÓN
A32: 31 | B32: TASAYCO ROJAS | C32: AIKO VICTORIA | D32: 60620334 | E32: A261001070 | G32: victoriatasayco.14@gmail.com | H32: B | I32: PSICOLOGÍA | J32: Filial-Huacho | K32: ASISTIÓ | L32: 19 | M32: 0.76 | N32: 8 | O32: 0.8 | P32: 20 | Q32: 0.66666667 | R32: 29 | S32: 0.82857143 | T32: 76 | U32: 0.76 | V32: INGRESÓ | W32: VIRTUAL | X32: 46011 | Y32: DICIEMBRE | Z32: PRIMERA OPCIÓN
A33: 32 | B33: BISSO DE LOS SANTOS | C33: AIXA ESTEFANIA | D33: 60650142 | E33: A261001010 | G33: aixab036@gmail.com | H33: B | I33: PSICOLOGÍA | J33: Filial-Huacho | K33: ASISTIÓ | L33: 19 | M33: 0.76 | N33: 9 | O33: 0.9 | P33: 29 | Q33: 0.96666667 | R33: 29 | S33: 0.82857143 | T33: 86 | U33: 0.86 | V33: INGRESÓ | W33: VIRTUAL | X33: 46011 | Y33: DICIEMBRE | Z33: PRIMERA OPCIÓN
A34: 33 | B34: RAMOS LLAGAS | C34: STEFANIE GERALDINE | D34: 60803824 | E34: A261000146 | G34: geraldineyoriana@gmail.com | H34: B | I34: PSICOLOGÍA | J34: FILIAL HUAURA | K34: ASISTIÓ | L34: 17 | M34: 0.68 | N34: 7 | O34: 0.7 | P34: 18 | Q34: 0.6 | R34: 31 | S34: 0.88571429 | T34: 73 | U34: 0.73 | V34: INGRESÓ | W34: VIRTUAL | X34: 46011 | Y34: DICIEMBRE | Z34: EXAMEN ORDINARIO
A35: 34 | B35: CUBAS AREVALO | C35: ERIKA ANGELIQUE | D35: 61062624 | E35: A261000931 | G35: erika2018cubas@gmail.com | H35: B | I35: PSICOLOGÍA | J35: Filial-Huacho | K35: ASISTIÓ | L35: 17 | M35: 0.68 | N35: 6 | O35: 0.6 | P35: 22 | Q35: 0.73333333 | R35: 31 | S35: 0.88571429 | T35: 76 | U35: 0.76 | V35: INGRESÓ | W35: VIRTUAL | X35: 46011 | Y35: DICIEMBRE | Z35: EXAMEN ORDINARIO
A36: 35 | B36: FLORES CASTILLO | C36: NAYELEE YERAY | D36: 61454735 | E36: A261000995 | G36: nayeleefflores14@gmail.com | H36: B | I36: PSICOLOGÍA | J36: Filial-Huacho | K36: ASISTIÓ | L36: 20 | M36: 0.8 | N36: 9 | O36: 0.9 | P36: 28 | Q36: 0.93333333 | R36: 28 | S36: 0.8 | T36: 85 | U36: 0.85 | V36: INGRESÓ | W36: VIRTUAL | X36: 46011 | Y36: DICIEMBRE | Z36: PRIMERA OPCIÓN
A37: 36 | B37: ALCANTARA HUERTA | C37: CARLOS HAILTON | D37: 61760402 | E37: A261001155 | G37: carloshalcantara18@gmail.com | H37: B | I37: PSICOLOGÍA | J37: SEDE CHINCHA ALTA | K37: ASISTIÓ | L37: 22 | M37: 0.88 | N37: 9 | O37: 0.9 | P37: 21 | Q37: 0.7 | R37: 28 | S37: 0.8 | T37: 80 | U37: 0.8 | V37: INGRESÓ | W37: VIRTUAL | X37: 46011 | Y37: DICIEMBRE | Z37: PRIMERA OPCIÓN
A38: 37 | B38: MANRIQUE ARANDA | C38: JOSHUA GABRIEL ANTONIO | D38: 61760417 | E38: A261000987 | F38: 935020096 | G38: joshua_211217@hotmail.com | H38: B | I38: PSICOLOGÍA | J38: Filial-Huacho | K38: ASISTIÓ | L38: 21 | M38: 0.84 | N38: 9 | O38: 0.9 | P38: 26 | Q38: 0.86666667 | R38: 33 | S38: 0.94285714 | T38: 89 | U38: 0.89 | V38: INGRESÓ | W38: VIRTUAL | X38: 46011 | Y38: DICIEMBRE | Z38: PRIMERA OPCIÓN
A39: 38 | B39: PALA VEGA | C39: ROSA ELENA | D39: 71396975 | E39: A261001103 | G39: palavegarosa@gmail.com | H39: B | I39: PSICOLOGÍA | J39: Filial-Huacho | K39: ASISTIÓ | L39: 19 | M39: 0.76 | N39: 7 | O39: 0.7 | P39: 17 | Q39: 0.56666667 | R39: 29 | S39: 0.82857143 | T39: 72 | U39: 0.72 | V39: INGRESÓ | W39: VIRTUAL | X39: 46011 | Y39: DICIEMBRE | Z39: EXAMEN ORDINARIO
A40: 39 | B40: TRUJILLO FELIX | C40: ADELAIDA ANGELA | D40: 71654895 | E40: A261000999 | G40: angelatrujillofelix881@gmail.com | H40: B | I40: PSICOLOGÍA | J40: Filial-Huacho | K40: ASISTIÓ | L40: 17 | M40: 0.68 | N40: 9 | O40: 0.9 | P40: 25 | Q40: 0.83333333 | R40: 31 | S40: 0.88571429 | T40: 82 | U40: 0.82 | V40: INGRESÓ | W40: VIRTUAL | X40: 46011 | Y40: DICIEMBRE | Z40: EXAMEN ORDINARIO
A41: 40 | B41: HERNANDEZ RODRIGUEZ | C41: FIORELLA VALENTINA | D41: 72068824 | E41: A261001196 | G41: hernandezfiorellaelena83@gmail.com | H41: B | I41: PSICOLOGÍA | J41: Filial-Huacho | K41: ASISTIÓ | L41: 14 | M41: 0.56 | N41: 7 | O41: 0.7 | P41: 8 | Q41: 0.26666667 | R41: 12 | S41: 0.34285714 | T41: 41 | U41: 0.41 | V41: INGRESÓ | W41: VIRTUAL | X41: 46011 | Y41: DICIEMBRE | Z41: PRIMERA OPCIÓN
A42: 41 | B42: ROJAS ASCENCIO | C42: NATALY NICOLL | D42: 72868105 | E42: A261000950 | G42: natanicolet@gmail.com | H42: B | I42: PSICOLOGÍA | J42: Filial-Huacho | K42: ASISTIÓ | L42: 21 | M42: 0.84 | N42: 7 | O42: 0.7 | P42: 25 | Q42: 0.83333333 | R42: 32 | S42: 0.91428571 | T42: 85 | U42: 0.85 | V42: INGRESÓ | W42: VIRTUAL | X42: 46011 | Y42: DICIEMBRE | Z42: EXAMEN ORDINARIO
A43: 42 | B43: JARA LUTGARDO | C43: WILLIAM JAIR | D43: 73934005 | E43: A261000984 | G43: jairjaralutgardo@gmail.com | H43: B | I43: PSICOLOGÍA | J43: Filial-Huacho | K43: ASISTIÓ | L43: 20 | M43: 0.8 | N43: 8 | O43: 0.8 | P43: 26 | Q43: 0.86666667 | R43: 22 | S43: 0.62857143 | T43: 76 | U43: 0.76 | V43: INGRESÓ | W43: VIRTUAL | X43: 46011 | Y43: DICIEMBRE | Z43: EXAMEN ORDINARIO
A44: 43 | B44: NAZARIO YAURI | C44: FRANK ALEXIS | D44: 75384137 | E44: A261001071 | G44: aleexsummer@gmail.com | H44: B | I44: PSICOLOGÍA | J44: Filial-Huacho | K44: ASISTIÓ | L44: 15 | M44: 0.6 | N44: 6 | O44: 0.6 | P44: 16 | Q44: 0.53333333 | R44: 29 | S44: 0.82857143 | T44: 66 | U44: 0.66 | V44: INGRESÓ | W44: VIRTUAL | X44: 46011 | Y44: DICIEMBRE | Z44: EXAMEN ORDINARIO
A45: 44 | B45: SANDOVAL ACHIC | C45: DEYBI ANDRES | D45: 75467161 | E45: A261001267 | G45: deybixoo084@gmail.com | H45: B | I45: PSICOLOGÍA | J45: Filial-Huacho | K45: ASISTIÓ | L45: 13 | M45: 0.52 | N45: 4 | O45: 0.4 | P45: 21 | Q45: 0.7 | R45: 29 | S45: 0.82857143 | T45: 67 | U45: 0.67 | V45: INGRESÓ | W45: VIRTUAL | X45: 46011 | Y45: DICIEMBRE | Z45: EXAMEN ORDINARIO
A46: 45 | B46: ARELLANO NARBASTA | C46: ARLETH CRISTINA | D46: 75611270 | E46: A261001144 | G46: arlesitha2020@gmail.com | H46: B | I46: PSICOLOGÍA | J46: Filial-Huacho | K46: ASISTIÓ | L46: 12 | M46: 0.48 | N46: 3 | O46: 0.3 | P46: 23 | Q46: 0.76666667 | R46: 29 | S46: 0.82857143 | T46: 67 | U46: 0.67 | V46: INGRESÓ | W46: VIRTUAL | X46: 46011 | Y46: DICIEMBRE | Z46: PRIMERA OPCIÓN
A47: 46 | B47: LLEREN TORRES | C47: XIOMARA JANET | D47: 75675864 | E47: A261001138 | G47: xiomy201000@gmail.com | H47: B | I47: PSICOLOGÍA | J47: SEDE CHINCHA ALTA | K47: ASISTIÓ | L47: 11 | M47: 0.44 | N47: 7 | O47: 0.7 | P47: 9 | Q47: 0.3 | R47: 12 | S47: 0.34285714 | T47: 39 | U47: 0.39 | V47: INGRESÓ | W47: VIRTUAL | X47: 46011 | Y47: DICIEMBRE | Z47: EXAMEN ORDINARIO
A48: 47 | B48: PITMAN HUAMAN | C48: MARIELA SARAI | D48: 77324050 | E48: A261001286 | G48: marielapitman1@gmail.com | H48: B | I48: PSICOLOGÍA | J48: Filial-Huacho | K48: ASISTIÓ | L48: 20 | M48: 0.8 | N48: 9 | O48: 0.9 | P48: 26 | Q48: 0.86666667 | R48: 27 | S48: 0.77142857 | T48: 82 | U48: 0.82 | V48: INGRESÓ | W48: VIRTUAL | X48: 46011 | Y48: DICIEMBRE | Z48: EXAMEN ORDINARIO
A49: 48 | B49: VILLAFANE QUISPE | C49: RAUL ALBERT | D49: 77708179 | E49: A261000914 | F49: 973114702 | G49: ahioiyim@gmail.com | H49: B | I49: PSICOLOGÍA | J49: Filial-Huacho | K49: ASISTIÓ | L49: 8 | M49: 0.32 | N49: 5 | O49: 0.5 | P49: 13 | Q49: 0.43333333 | R49: 15 | S49: 0.42857143 | T49: 41 | U49: 0.41 | V49: INGRESÓ | W49: VIRTUAL | X49: 46011 | Y49: DICIEMBRE | Z49: EXAMEN ORDINARIO
A50: 49 | B50: ROMERO SHAPIAMA | C50: GEOFFREY SAMUEL | D50: 60403176 | E50: A261001200 | G50: shapiamamaritza36@gmail.com | H50: B | I50: PSICOLOGÍA | J50: Filial-Huacho | K50: NO ASISTIÓ | L50: - | M50: - | N50: - | O50: - | P50: - | Q50: - | R50: - | S50: - | T50: - | U50: - | V50: - | W50: - | X50: - | Y50: - | Z50: -
A52: N° | B52: APELLIDOS | C52: NOMBRES | D52: DNI | E52: CODIGO | F52: TELEFONO | G52: CORREO | H52: AREA | I52: CARRERA | J52: SEDE DE ESTUDIO | K52: ASISTENCIA | L52: COMUNICACIÓN (25 Ptos) | M52: % | N52: H. COMUNICATIVAS (10 Pts) | O52: % | P52: MATEMATICA (50 Pts) | Q52: % | R52: CTA (15 Pts) | S52: % | T52: TOTAL (100 Pts) | U52: % | V52: CONDICIÓN | W52: MODALIDAD | X52: FECHA | Y52: EXAMEN | Z52: MODALIDAD DE INGRESO
A53: 1 | B53: HUAPAYA MORALES | C53: BENITO JOSE | D53: 43278412 | E53: A261000266 | G53: benito.huapaya.morales@gmail.com | H53: C | I53: ADMINISTRACIÓN DE EMPRESAS | J53: SEDE CHINCHA ALTA | K53: ASISTIÓ | L53: 15 | M53: 0.42857143 | N53: 5 | O53: 0.5 | P53: 12 | Q53: 0.4 | R53: 15 | S53: 0.6 | T53: 47 | U53: 0.47 | V53: INGRESÓ | W53: VIRTUAL | X53: 46011 | Y53: DICIEMBRE | Z53: EXAMEN ORDINARIO
A54: 2 | B54: NAZARIO YAURI | C54: REYNA KATHERIN | D54: 48052368 | E54: A261001183 | G54: katty.270613@gmail.com | H54: C | I54: ADMINISTRACIÓN DE EMPRESAS | J54: Filial-Huacho | K54: ASISTIÓ | L54: 22 | M54: 0.62857143 | N54: 9 | O54: 0.9 | P54: 25 | Q54: 0.83333333 | R54: 22 | S54: 0.88 | T54: 78 | U54: 0.78 | V54: INGRESÓ | W54: VIRTUAL | X54: 46011 | Y54: DICIEMBRE | Z54: EXAMEN ORDINARIO
A55: 3 | B55: CCAULLA SULCA | C55: WILMA | D55: 60324145 | E55: A261001177 | G55: 14vilmasulca@gmail.com | H55: C | I55: ADMINISTRACIÓN DE EMPRESAS | J55: SEDE CHINCHA ALTA | K55: ASISTIÓ | L55: 18 | M55: 0.51428571 | N55: 5 | O55: 0.5 | P55: 8 | Q55: 0.26666667 | R55: 5 | S55: 0.2 | T55: 36 | U55: 0.36 | V55: INGRESÓ | W55: VIRTUAL | X55: 46011 | Y55: DICIEMBRE | Z55: EXAMEN ORDINARIO
A56: 4 | B56: OYOLA RAMIREZ | C56: DEREK FABRICIO | D56: 60328822 | E56: A261001209 | G56: derek.or.2023@gmail.com | H56: C | I56: ADMINISTRACIÓN DE EMPRESAS | J56: Filial-Huacho | K56: ASISTIÓ | L56: 26 | M56: 0.74285714 | N56: 7 | O56: 0.7 | P56: 16 | Q56: 0.53333333 | R56: 22 | S56: 0.88 | T56: 71 | U56: 0.71 | V56: INGRESÓ | W56: VIRTUAL | X56: 46011 | Y56: DICIEMBRE | Z56: EXAMEN ORDINARIO
A57: 5 | B57: OSCATE SANCHEZ | C57: BRENDALY GRACIELA | D57: 60558991 | E57: A261001084 | G57: oscatebrenda@gmail.com | H57: C | I57: ADMINISTRACIÓN DE EMPRESAS | J57: Filial-Huacho | K57: ASISTIÓ | L57: 23 | M57: 0.65714286 | N57: 9 | O57: 0.9 | P57: 22 | Q57: 0.73333333 | R57: 18 | S57: 0.72 | T57: 72 | U57: 0.72 | V57: INGRESÓ | W57: VIRTUAL | X57: 46011 | Y57: DICIEMBRE | Z57: EXAMEN ORDINARIO
A58: 6 | B58: ROMAN JAIMES | C58: JESUS SEBASTIAN | D58: 60649663 | E58: A261001080 | G58: jesusromanjaimes01@gmail.com | H58: C | I58: ADMINISTRACIÓN DE EMPRESAS | J58: Filial-Huacho | K58: ASISTIÓ | L58: 24 | M58: 0.68571429 | N58: 9 | O58: 0.9 | P58: 24 | Q58: 0.8 | R58: 17 | S58: 0.68 | T58: 74 | U58: 0.74 | V58: INGRESÓ | W58: VIRTUAL | X58: 46011 | Y58: DICIEMBRE | Z58: PRIMERA OPCIÓN
A59: 7 | B59: ROSADIO MEDINA | C59: JOHN ALDAIR | D59: 60686411 | E59: A261001019 | G59: johnrosadio27@gmail.com | H59: C | I59: ADMINISTRACIÓN DE EMPRESAS | J59: Filial-Huacho | K59: ASISTIÓ | L59: 27 | M59: 0.77142857 | N59: 9 | O59: 0.9 | P59: 21 | Q59: 0.7 | R59: 21 | S59: 0.84 | T59: 78 | U59: 0.78 | V59: INGRESÓ | W59: VIRTUAL | X59: 46011 | Y59: DICIEMBRE | Z59: PRIMERA OPCIÓN
A60: 8 | B60: SISTERNA RAMIREZ | C60: JOSE ROLANDO RYU | D60: 60686417 | E60: A261001121 | G60: joserolandoryusisternaramirez@gmail.com | H60: C | I60: ADMINISTRACIÓN DE EMPRESAS | J60: Filial-Huacho | K60: ASISTIÓ | L60: 25 | M60: 0.71428571 | N60: 8 | O60: 0.8 | P60: 27 | Q60: 0.9 | R60: 20 | S60: 0.8 | T60: 80 | U60: 0.8 | V60: INGRESÓ | W60: VIRTUAL | X60: 46011 | Y60: DICIEMBRE | Z60: PRIMERA OPCIÓN
A61: 9 | B61: GUILLEN NONATO | C61: YASSADI PAOLA | D61: 61113462 | E61: A261001282 | G61: yassadi286@gmail.com | H61: C | I61: ADMINISTRACIÓN DE EMPRESAS | J61: Filial-Huacho | K61: ASISTIÓ | L61: 23 | M61: 0.65714286 | N61: 7 | O61: 0.7 | P61: 20 | Q61: 0.66666667 | R61: 15 | S61: 0.6 | T61: 65 | U61: 0.65 | V61: INGRESÓ | W61: VIRTUAL | X61: 46011 | Y61: DICIEMBRE | Z61: EXAMEN ORDINARIO
A62: 10 | B62: CANO MILLA | C62: LILIANA CECILIA | D62: 61506024 | E62: A261000867 | G62: luli.lila.28cici@gmail.com | H62: C | I62: ADMINISTRACIÓN DE EMPRESAS | J62: Filial-Huacho | K62: ASISTIÓ | L62: 13 | M62: 0.37142857 | N62: 6 | O62: 0.6 | P62: 12 | Q62: 0.4 | R62: 7 | S62: 0.28 | T62: 38 | U62: 0.38 | V62: INGRESÓ | W62: VIRTUAL | X62: 46011 | Y62: DICIEMBRE | Z62: PRIMERA OPCIÓN
A63: 11 | B63: RODRIGUEZ AGUILAR | C63: JULIA ISABELLA | D63: 61506141 | E63: A261001160 | G63: juliaisabella09102008@gmail.com | H63: C | I63: ADMINISTRACIÓN DE EMPRESAS | J63: Filial-Huacho | K63: ASISTIÓ | L63: 23 | M63: 0.65714286 | N63: 9 | O63: 0.9 | P63: 19 | Q63: 0.63333333 | R63: 13 | S63: 0.52 | T63: 64 | U63: 0.64 | V63: INGRESÓ | W63: VIRTUAL | X63: 46011 | Y63: DICIEMBRE | Z63: PRIMERA OPCIÓN
A64: 12 | B64: DAVILA NIETO | C64: MIGUEL ANGEL | D64: 61680824 | E64: A261001222 | G64: davilapaola073@gmail.com | H64: C | I64: ADMINISTRACIÓN DE EMPRESAS | J64: Filial-Huacho | K64: ASISTIÓ | L64: 7 | M64: 0.2 | N64: 4 | O64: 0.4 | P64: 10 | Q64: 0.33333333 | R64: 10 | S64: 0.4 | T64: 31 | U64: 0.31 | V64: INGRESÓ | W64: VIRTUAL | X64: 46011 | Y64: DICIEMBRE | Z64: PRIMERA OPCIÓN
... A88: 36 | B88: GOMEZ CALDERON | C88: CHRISTOPHER ROBINSON | D88: 79462377 | E88: A261001067 | G88: trish.gumesh.tengohambre@gmail.com | H88: C | I88: DERECHO | J88: Filial-Huacho | K88: ASISTIÓ | L88: 22 | M88: 0.62857143 | N88: 5 | O88: 0.5 | P88: 21 | Q88: 0.7 | R88: 25 | S88: 1 | T88: 73 | U88: 0.73 | V88: INGRESÓ | W88: VIRTUAL | X88: 46011 | Y88: DICIEMBRE | Z88: EXAMEN ORDINARIO
A89: 37 | B89: ALVAREZ ARRIETA | C89: DAVID PABLO | D89: 42452169 | E89: A261000404 | G89: david.alvarez.arrieta@gmail.com | H89: C | I89: DERECHO | J89: SEDE CHINCHA ALTA | K89: NO ASISTIÓ | L89: - | M89: - | N89: - | O89: - | P89: - | Q89: - | R89: - | S89: - | T89: - | U89: - | V89: - | W89: - | X89: - | Y89: - | Z89: -
A90: 38 | B90: BELLO SAUCEDO | C90: SILVANA CONSUELO | D90: 47160846 | E90: A261000573 | G90: silvanaconsuelobellosaucedo@gmail.com | H90: C | I90: CONTABILIDAD | J90: FILIAL ICA | K90: NO ASISTIÓ | L90: - | M90: - | N90: - | O90: - | P90: - | Q90: - | R90: - | S90: - | T90: - | U90: - | V90: - | W90: - | X90: - | Y90: - | Z90: -
A91: 39 | B91: BENANCIO VELASQUEZ | C91: VICENTE EDIEL | D91: 74937071 | E91: A261001116 | G91: vicenteeddy20@gmail.com | H91: C | I91: DERECHO | J91: SEDE CHINCHA ALTA | K91: NO ASISTIÓ | L91: - | M91: - | N91: - | O91: - | P91: - | Q91: - | R91: - | S91: - | T91: - | U91: - | V91: - | W91: - | X91: - | Y91: - | Z91: -
A92: 40 | B92: GERMANY ALVARADO | C92: OSIRIS MAGDIEL | D92: 61113074 | E92: A261001098 | G92: germanyalvaradomagdiel@gmail.com | H92: C | I92: DERECHO | J92: Filial-Huacho | K92: NO ASISTIÓ | L92: - | M92: - | N92: - | O92: - | P92: - | Q92: - | R92: - | S92: - | T92: - | U92: - | V92: - | W92: - | X92: - | Y92: - | Z92: -
A93: 41 | B93: ROBLES CHUMBES | C93: MARY GRACE MILAGRITOS | D93: 70657326 | E93: A261000502 | G93: pedromiguelcocabazalar@gmail.com | H93: C | I93: DERECHO | J93: Filial-Huacho | K93: NO ASISTIÓ | L93: - | M93: - | N93: - | O93: - | P93: - | Q93: - | R93: - | S93: - | T93: - | U93: - | V93: - | W93: - | X93: - | Y93: - | Z93: -
A97: N° | B97: APELLIDOS | C97: NOMBRES | D97: DNI | E97: CODIGO | F97: TELEFONO | G97: CORREO | H97: AREA | I97: CARRERA | J97: SEDE DE ESTUDIO | K97: ASISTENCIA | L97: COMUNICACIÓN (25 Ptos) | M97: % | N97: H. COMUNICATIVAS (10 Pts) | O97: % | P97: MATEMATICA (50 Pts) | Q97: % | R97: CTA (15 Pts) | S97: % | T97: TOTAL (100 Pts) | U97: % | V97: CONDICIÓN | W97: MODALIDAD | X97: FECHA | Y97: EXAMEN | Z97: MODALIDAD DE INGRESO
A98: 1 | B98: BAEZ VELASQUEZ | C98: NINOSSCKA YAMILETH PAOLA | D98: 61171572 | E98: A261001034 | G98: yamiletbaez300@gmail.com | H98: A | I98: INGENIERÍA INDUSTRIAL | J98: SEDE CHINCHA ALTA | K98: ASISTIÓ | L98: 14 | M98: 0.56 | N98: 9 | O98: 0.9 | P98: 21 | Q98: 0.42 | R98: 12 | S98: 0.8 | T98: 56 | U98: 0.56 | V98: INGRESÓ | W98: VIRTUAL | X98: 46011 | Y98: DICIEMBRE | Z98: EXAMEN ORDINARIO
A99: 2 | B99: NAPUCHI MANIHUARI | C99: KATTYA | D99: 63358468 | E99: A261000910 | G99: kattyanapuchi@gmail.com | H99: A | I99: INGENIERÍA INDUSTRIAL | J99: SEDE CHINCHA ALTA | K99: ASISTIÓ | L99: 11 | M99: 0.44 | N99: 6 | O99: 0.6 | P99: 36 | Q99: 0.72 | R99: 13 | S99: 0.86666667 | T99: 66 | U99: 0.66 | V99: INGRESÓ | W99: VIRTUAL | X99: 46011 | Y99: DICIEMBRE | Z99: EXAMEN ORDINARIO
A100: 3 | B100: CRISOSTOMO CHUMBIAUCA | C100: LUISIANA NOEMI | D100: 71806977 | E100: A261001063 | G100: emiliacrisostomo386@gmail.com | H100: A | I100: INGENIERÍA INDUSTRIAL | J100: SEDE CHINCHA ALTA | K100: ASISTIÓ | L100: 6 | M100: 0.24 | N100: 3 | O100: 0.3 | P100: 40 | Q100: 0.8 | R100: 12 | S100: 0.8 | T100: 61 | U100: 0.61 | V100: INGRESÓ | W100: VIRTUAL | X100: 46011 | Y100: DICIEMBRE | Z100: EXAMEN ORDINARIO
A101: 4 | B101: PARIONA VILCA | C101: ALDAIR PABLO | D101: 75777123 | E101: A261000952 | G101: jt737305@gmail.com | H101: A | I101: INGENIERÍA INDUSTRIAL | J101: SEDE CHINCHA ALTA | K101: ASISTIÓ | L101: 18 | M101: 0.72 | N101: 9 | O101: 0.9 | P101: 41 | Q101: 0.82 | R101: 12 | S101: 0.8 | T101: 80 | U101: 0.8 | V101: INGRESÓ | W101: VIRTUAL | X101: 46011 | Y101: DICIEMBRE | Z101: EXAMEN ORDINARIO
A102: 5 | B102: ATOCSA ROMERO | C102: MARIO ARMANDO | D102: 72641597 | E102: A261000092 | G102: marioarmandosig@gmail.com | H102: A | I102: INGENIERÍA INDUSTRIAL | J102: SEDE CHINCHA ALTA | K102: NO ASISTIÓ | L102: - | M102: - | N102: - | O102: - | P102: - | Q102: - | R102: - | S102: - | T102: - | U102: - | V102: - | W102: - | X102: - | Y102: - | Z102: -

Sheet Acta_Final_Chincha
A1: N° | B1: APELLIDOS | C1: NOMBRES | D1: DNI | E1: CODIGO | F1: TELEFONO | G1: CORREO | H1: AREA | I1: CARRERA | J1: SEDE DE ESTUDIO | K1: ASISTENCIA | L1: COMUNICACIÓN | M1: % | N1: H. COMUNICATIVAS | O1: % | P1: MATEMATICA | Q1: % | R1: CTA/CCSS | S1: % | T1: TOTAL (100 Pts) | U1: % | V1: CONDICIÓN | W1: MODALIDAD | X1: FECHA | Y1: EXAMEN | Z1: MODALIDAD DE INGRESO
A2: 1 | B2: HUAPAYA MORALES | C2: BENITO JOSE | D2: 43278412 | E2: A261000266 | G2: benito.huapaya.morales@gmail.com | H2: C | I2: ADMINISTRACIÓN DE EMPRESAS | J2: SEDE CHINCHA ALTA | K2: ASISTIÓ | L2: 15 | M2: 0.42857143 | N2: 5 | O2: 0.5 | P2: 12 | Q2: 0.4 | R2: 15 | S2: 0.6 | T2: 47 | U2: 0.47 | V2: INGRESÓ | W2: VIRTUAL | X2: 46011 | Y2: DICIEMBRE | Z2: EXAMEN ORDINARIO
A3: 2 | B3: NAZARIO YAURI | C3: REYNA KATHERIN | D3: 48052368 | E3: A261001183 | G3: katty.270613@gmail.com | H3: C | I3: ADMINISTRACIÓN DE EMPRESAS | J3: Filial-Huacho | K3: ASISTIÓ | L3: 22 | M3: 0.62857143 | N3: 9 | O3: 0.9 | P3: 25 | Q3: 0.83333333 | R3: 22 | S3: 0.88 | T3: 78 | U3: 0.78 | V3: INGRESÓ | W3: VIRTUAL | X3: 46011 | Y3: DICIEMBRE | Z3: EXAMEN ORDINARIO
A4: 3 | B4: CCAULLA SULCA | C4: WILMA | D4: 60324145 | E4: A261001177 | G4: 14vilmasulca@gmail.com | H4: C | I4: ADMINISTRACIÓN DE EMPRESAS | J4: SEDE CHINCHA ALTA | K4: ASISTIÓ | L4: 18 | M4: 0.51428571 | N4: 5 | O4: 0.5 | P4: 8 | Q4: 0.26666667 | R4: 5 | S4: 0.2 | T4: 36 | U4: 0.36 | V4: INGRESÓ | W4: VIRTUAL | X4: 46011 | Y4: DICIEMBRE | Z4: EXAMEN ORDINARIO
A5: 4 | B5: OYOLA RAMIREZ | C5: DEREK FABRICIO | D5: 60328822 | E5: A261001209 | G5: derek.or.2023@gmail.com | H5: C | I5: ADMINISTRACIÓN DE EMPRESAS | J5: Filial-Huacho | K5: ASISTIÓ | L5: 26 | M5: 0.74285714 | N5: 7 | O5: 0.7 | P5: 16 | Q5: 0.53333333 | R5: 22 | S5: 0.88 | T5: 71 | U5: 0.71 | V5: INGRESÓ | W5: VIRTUAL | X5: 46011 | Y5: DICIEMBRE | Z5: EXAMEN ORDINARIO
A6: 5 | B6: OSCATE SANCHEZ | C6: BRENDALY GRACIELA | D6: 60558991 | E6: A261001084 | G6: oscatebrenda@gmail.com | H6: C | I6: ADMINISTRACIÓN DE EMPRESAS | J6: Filial-Huacho | K6: ASISTIÓ | L6: 23 | M6: 0.65714286 | N6: 9 | O6: 0.9 | P6: 22 | Q6: 0.73333333 | R6: 18 | S6: 0.72 | T6: 72 | U6: 0.72 | V6: INGRESÓ | W6: VIRTUAL | X6: 46011 | Y6: DICIEMBRE | Z6: EXAMEN ORDINARIO
A7: 6 | B7: ROMAN JAIMES | C7: JESUS SEBASTIAN | D7: 60649663 | E7: A261001080 | G7: jesusromanjaimes01@gmail.com | H7: C | I7: ADMINISTRACIÓN DE EMPRESAS | J7: Filial-Huacho | K7: ASISTIÓ | L7: 24 | M7: 0.68571429 | N7: 9 | O7: 0.9 | P7: 24 | Q7: 0.8 | R7: 17 | S7: 0.68 | T7: 74 | U7: 0.74 | V7: INGRESÓ | W7: VIRTUAL | X7: 46011 | Y7: DICIEMBRE | Z7: PRIMERA OPCIÓN
A8: 7 | B8: ROSADIO MEDINA | C8: JOHN ALDAIR | D8: 60686411 | E8: A261001019 | G8: johnrosadio27@gmail.com | H8: C | I8: ADMINISTRACIÓN DE EMPRESAS | J8: Filial-Huacho | K8: ASISTIÓ | L8: 27 | M8: 0.77142857 | N8: 9 | O8: 0.9 | P8: 21 | Q8: 0.7 | R8: 21 | S8: 0.84 | T8: 78 | U8: 0.78 | V8: INGRESÓ | W8: VIRTUAL | X8: 46011 | Y8: DICIEMBRE | Z8: PRIMERA OPCIÓN
A9: 8 | B9: SISTERNA RAMIREZ | C9: JOSE ROLANDO RYU | D9: 60686417 | E9: A261001121 | G9: joserolandoryusisternaramirez@gmail.com | H9: C | I9: ADMINISTRACIÓN DE EMPRESAS | J9: Filial-Huacho | K9: ASISTIÓ | L9: 25 | M9: 0.71428571 | N9: 8 | O9: 0.8 | P9: 27 | Q9: 0.9 | R9: 20 | S9: 0.8 | T9: 80 | U9: 0.8 | V9: INGRESÓ | W9: VIRTUAL | X9: 46011 | Y9: DICIEMBRE | Z9: PRIMERA OPCIÓN
A10: 9 | B10: GUILLEN NONATO | C10: YASSADI PAOLA | D10: 61113462 | E10: A261001282 | G10: yassadi286@gmail.com | H10: C | I10: ADMINISTRACIÓN DE EMPRESAS | J10: Filial-Huacho | K10: ASISTIÓ | L10: 23 | M10: 0.65714286 | N10: 7 | O10: 0.7 | P10: 20 | Q10: 0.66666667 | R10: 15 | S10: 0.6 | T10: 65 | U10: 0.65 | V10: INGRESÓ | W10: VIRTUAL | X10: 46011 | Y10: DICIEMBRE | Z10: EXAMEN ORDINARIO
A11: 10 | B11: CANO MILLA | C11: LILIANA CECILIA | D11: 61506024 | E11: A261000867 | G11: luli.lila.28cici@gmail.com | H11: C | I11: ADMINISTRACIÓN DE EMPRESAS | J11: Filial-Huacho | K11: ASISTIÓ | L11: 13 | M11: 0.37142857 | N11: 6 | O11: 0.6 | P11: 12 | Q11: 0.4 | R11: 7 | S11: 0.28 | T11: 38 | U11: 0.38 | V11: INGRESÓ | W11: VIRTUAL | X11: 46011 | Y11: DICIEMBRE | Z11: PRIMERA OPCIÓN
A12: 11 | B12: RODRIGUEZ AGUILAR | C12: JULIA ISABELLA | D12: 61506141 | E12: A261001160 | G12: juliaisabella09102008@gmail.com | H12: C | I12: ADMINISTRACIÓN DE EMPRESAS | J12: Filial-Huacho | K12: ASISTIÓ | L12: 23 | M12: 0.65714286 | N12: 9 | O12: 0.9 | P12: 19 | Q12: 0.63333333 | R12: 13 | S12: 0.52 | T12: 64 | U12: 0.64 | V12: INGRESÓ | W12: VIRTUAL | X12: 46011 | Y12: DICIEMBRE | Z12: PRIMERA OPCIÓN
A13: 12 | B13: DAVILA NIETO | C13: MIGUEL ANGEL | D13: 61680824 | E13: A261001222 | G13: davilapaola073@gmail.com | H13: C | I13: ADMINISTRACIÓN DE EMPRESAS | J13: Filial-Huacho | K13: ASISTIÓ | L13: 7 | M13: 0.2 | N13: 4 | O13: 0.4 | P13: 10 | Q13: 0.33333333 | R13: 10 | S13: 0.4 | T13: 31 | U13: 0.31 | V13: INGRESÓ | W13: VIRTUAL | X13: 46011 | Y13: DICIEMBRE | Z13: PRIMERA OPCIÓN
... A40: 39 | B40: GIRALDO JUSTINO | C40: BRITHANNY HARLEY | D40: 60459269 | E40: A261001236 | G40: harleyjustino2006@gmail.com | H40: B | I40: ENFERMERÍA | J40: Filial-Huacho | K40: ASISTIÓ | L40: 20 | M40: 0.8 | N40: 7 | O40: 0.7 | P40: 23 | Q40: 0.76666667 | R40: 33 | S40: 0.94285714 | T40: 83 | U40: 0.83 | V40: INGRESÓ | W40: VIRTUAL | X40: 46011 | Y40: DICIEMBRE | Z40: EXAMEN ORDINARIO
A41: 40 | B41: ACEVEDO GUEVARA | C41: YHADIRA MICHELLE | D41: 60577442 | E41: A261000900 | F41: 996186698 | G41: isabelhuertas507@gmail.com | H41: B | I41: ENFERMERÍA | J41: Filial-Huacho | K41: ASISTIÓ | L41: 10 | M41: 0.4 | N41: 6 | O41: 0.6 | P41: 17 | Q41: 0.56666667 | R41: 27 | S41: 0.77142857 | T41: 60 | U41: 0.6 | V41: INGRESÓ | W41: VIRTUAL | X41: 46011 | Y41: DICIEMBRE | Z41: EXAMEN ORDINARIO
A42: 41 | B42: CHAVEZ SALVADOR | C42: ROSALINDA NATALIA | D42: 60650008 | E42: A261001205 | G42: rosalindachavezsalvador7@gmail.com | H42: B | I42: ENFERMERÍA | J42: Filial-Huacho | K42: ASISTIÓ | L42: 17 | M42: 0.68 | N42: 8 | O42: 0.8 | P42: 27 | Q42: 0.9 | R42: 32 | S42: 0.91428571 | T42: 84 | U42: 0.84 | V42: INGRESÓ | W42: VIRTUAL | X42: 46011 | Y42: DICIEMBRE | Z42: PRIMERA OPCIÓN
A43: 42 | B43: FLORES MEZA | C43: JACKELINE FIORELLA | D43: 61035075 | E43: A261001113 | G43: fiorelaflores701@gmail.com | H43: B | I43: ENFERMERÍA | J43: Filial-Huacho | K43: ASISTIÓ | L43: 11 | M43: 0.44 | N43: 5 | O43: 0.5 | P43: 20 | Q43: 0.66666667 | R43: 25 | S43: 0.71428571 | T43: 61 | U43: 0.61 | V43: INGRESÓ | W43: VIRTUAL | X43: 46011 | Y43: DICIEMBRE | Z43: EXAMEN ORDINARIO
A44: 43 | B44: ORTIZ PASCUAL | C44: ARIANA EDELINA | D44: 61062460 | E44: A261001233 | G44: arianaortizpascual@gmail.com | H44: B | I44: ENFERMERÍA | J44: Filial-Huacho | K44: ASISTIÓ | L44: 17 | M44: 0.68 | N44: 7 | O44: 0.7 | P44: 15 | Q44: 0.5 | R44: 23 | S44: 0.65714286 | T44: 62 | U44: 0.62 | V44: INGRESÓ | W44: VIRTUAL | X44: 46011 | Y44: DICIEMBRE | Z44: EXAMEN ORDINARIO
A45: 44 | B45: ZAVALETA CASTILLO | C45: STHEFANI YASHURI | D45: 61113531 | E45: A261000898 | G45: sthefanyzavaleta74@gmail.com | H45: B | I45: ENFERMERÍA | J45: Filial-Huacho | K45: ASISTIÓ | L45: 13 | M45: 0.52 | N45: 5 | O45: 0.5 | P45: 11 | Q45: 0.36666667 | R45: 24 | S45: 0.68571429 | T45: 53 | U45: 0.53 | V45: INGRESÓ | W45: VIRTUAL | X45: 46011 | Y45: DICIEMBRE | Z45: EXAMEN ORDINARIO
A46: 45 | B46: ROMERO AIRA | C46: JUAN DAVID | D46: 61369069 | E46: A261001217 | G46: shetosbv16@gmail.com | H46: B | I46: ENFERMERÍA | J46: Filial-Huacho | K46: ASISTIÓ | L46: 17 | M46: 0.68 | N46: 8 | O46: 0.8 | P46: 25 | Q46: 0.83333333 | R46: 30 | S46: 0.85714286 | T46: 80 | U46: 0.8 | V46: INGRESÓ | W46: VIRTUAL | X46: 46011 | Y46: DICIEMBRE | Z46: PRIMERA OPCIÓN
A47: 46 | B47: SANDOVAL FLORES | C47: JULIETA DEL CARMEN | D47: 61505762 | E47: A261001027 | G47: irmafloresbartolome@gmail.com | H47: B | I47: ENFERMERÍA | J47: Filial-Huacho | K47: ASISTIÓ | L47: 16 | M47: 0.64 | N47: 7 | O47: 0.7 | P47: 17 | Q47: 0.56666667 | R47: 29 | S47: 0.82857143 | T47: 69 | U47: 0.69 | V47: INGRESÓ | W47: VIRTUAL | X47: 46011 | Y47: DICIEMBRE | Z47: PRIMERA OPCIÓN
A48: 47 | B48: ROBLES CARQUIN | C48: GRACE ABIGAIL BRESHITH | D48: 61506255 | E48: A261001280 | G48: graceroblescarquin0110@gmail.com | H48: B | I48: ENFERMERÍA | J48: Filial-Huacho | K48: ASISTIÓ | L48: 5 | M48: 0.2 | N48: 4 | O48: 0.4 | P48: 13 | Q48: 0.43333333 | R48: 28 | S48: 0.8 | T48: 50 | U48: 0.5 | V48: INGRESÓ | W48: VIRTUAL | X48: 46011 | Y48: DICIEMBRE | Z48: PRIMERA OPCIÓN
A49: 48 | B49: CHUMBES ZENOZAIN | C49: CARLOS SEBASTIAN | D49: 71894777 | E49: A261000964 | G49: sebastianzenozain038@gmail.com | H49: B | I49: ENFERMERÍA | J49: Filial-Huacho | K49: ASISTIÓ | L49: 14 | M49: 0.56 | N49: 8 | O49: 0.8 | P49: 16 | Q49: 0.53333333 | R49: 26 | S49: 0.74285714 | T49: 64 | U49: 0.64 | V49: INGRESÓ | W49: VIRTUAL | X49: 46011 | Y49: DICIEMBRE | Z49: EXAMEN ORDINARIO
A50: 49 | B50: TOLENTINO SERPA | C50: ANGIE NYCOLE | D50: 75978308 | E50: A261000963 | G50: serpaangie@gmail.com | H50: B | I50: ENFERMERÍA | J50: Filial-Huacho | K50: ASISTIÓ | L50: 17 | M50: 0.68 | N50: 8 | O50: 0.8 | P50: 26 | Q50: 0.86666667 | R50: 35 | S50: 1 | T50: 86 | U50: 0.86 | V50: INGRESÓ | W50: VIRTUAL | X50: 46011 | Y50: DICIEMBRE | Z50: EXAMEN ORDINARIO
A51: 50 | B51: ORTIZ RAMOS | C51: SAMIRA VIVIANA | D51: 76345536 | E51: A261000943 | G51: samiraortizramos25@gmail.com | H51: B | I51: ENFERMERÍA | J51: Filial-Huacho | K51: ASISTIÓ | L51: 20 | M51: 0.8 | N51: 8 | O51: 0.8 | P51: 11 | Q51: 0.36666667 | R51: 32 | S51: 0.91428571 | T51: 71 | U51: 0.71 | V51: INGRESÓ | W51: VIRTUAL | X51: 46011 | Y51: DICIEMBRE | Z51: EXAMEN ORDINARIO
A52: 51 | B52: BAEZ VELASQUEZ | C52: NINOSSCKA YAMILETH PAOLA | D52: 61171572 | E52: A261001034 | G52: yamiletbaez300@gmail.com | H52: A | I52: INGENIERÍA INDUSTRIAL | J52: SEDE CHINCHA ALTA | K52: ASISTIÓ | L52: 14 | M52: 0.56 | N52: 9 | O52: 0.9 | P52: 21 | Q52: 0.42 | R52: 12 | S52: 0.8 | T52: 56 | U52: 0.56 | V52: INGRESÓ | W52: VIRTUAL | X52: 46011 | Y52: DICIEMBRE | Z52: EXAMEN ORDINARIO
A53: 52 | B53: NAPUCHI MANIHUARI | C53: KATTYA | D53: 63358468 | E53: A261000910 | G53: kattyanapuchi@gmail.com | H53: A | I53: INGENIERÍA INDUSTRIAL | J53: SEDE CHINCHA ALTA | K53: ASISTIÓ | L53: 11 | M53: 0.44 | N53: 6 | O53: 0.6 | P53: 36 | Q53: 0.72 | R53: 13 | S53: 0.86666667 | T53: 66 | U53: 0.66 | V53: INGRESÓ | W53: VIRTUAL | X53: 46011 | Y53: DICIEMBRE | Z53: EXAMEN ORDINARIO
... A63: 62 | B63: ROMAN UNZUETA | C63: MASSIEL ANDREA | D63: 61565276 | E63: A261000986 | G63: andrearomanunzueta036@gmail.com | H63: B | I63: OBSTETRICIA | J63: Filial-Huacho | K63: ASISTIÓ | L63: 17 | M63: 0.68 | N63: 7 | O63: 0.7 | P63: 26 | Q63: 0.86666667 | R63: 29 | S63: 0.82857143 | T63: 79 | U63: 0.79 | V63: INGRESÓ | W63: VIRTUAL | X63: 46011 | Y63: DICIEMBRE | Z63: PRIMERA OPCIÓN
A64: 63 | B64: LEON CHINCHAY | C64: GERAME DENNIS | D64: 75108509 | E64: A261000871 | F64: 905612939 | G64: leongerami10@gmail.com | H64: B | I64: OBSTETRICIA | J64: Filial-Huacho | K64: ASISTIÓ | L64: 16 | M64: 0.64 | N64: 5 | O64: 0.5 | P64: 24 | Q64: 0.8 | R64: 31 | S64: 0.88571429 | T64: 76 | U64: 0.76 | V64: INGRESÓ | W64: VIRTUAL | X64: 46011 | Y64: DICIEMBRE | Z64: EXAMEN ORDINARIO
A65: 64 | B65: ROMERO LLAGAS | C65: NICOLE NASAY | D65: 75975765 | E65: A261000897 | G65: nasayromerollagas@gmail.com | H65: B | I65: OBSTETRICIA | J65: Filial-Huacho | K65: ASISTIÓ | L65: 11 | M65: 0.44 | N65: 7 | O65: 0.7 | P65: 10 | Q65: 0.33333333 | R65: 30 | S65: 0.85714286 | T65: 58 | U65: 0.58 | V65: INGRESÓ | W65: VIRTUAL | X65: 46011 | Y65: DICIEMBRE | Z65: EXAMEN ORDINARIO
A66: 65 | B66: AURIS ANDRES | C66: NAYDU EVELYN | D66: 47351249 | E66: A261000955 | G66: nayduaurisandres20@gmail.com | H66: B | I66: PSICOLOGÍA | J66: Filial-Huacho | K66: ASISTIÓ | L66: 19 | M66: 0.76 | N66: 9 | O66: 0.9 | P66: 13 | Q66: 0.43333333 | R66: 15 | S66: 0.42857143 | T66: 56 | U66: 0.56 | V66: INGRESÓ | W66: VIRTUAL | X66: 46011 | Y66: DICIEMBRE | Z66: EXAMEN ORDINARIO
A67: 66 | B67: RAMIREZ LLIQUE | C67: SANDRA CORINA | D67: 48111510 | E67: A261001259 | G67: sandracorina30@gmail.com | H67: B | I67: PSICOLOGÍA | J67: Filial-Huacho | K67: ASISTIÓ | L67: 13 | M67: 0.52 | N67: 6 | O67: 0.6 | P67: 13 | Q67: 0.43333333 | R67: 28 | S67: 0.8 | T67: 60 | U67: 0.6 | V67: INGRESÓ | W67: VIRTUAL | X67: 46011 | Y67: DICIEMBRE | Z67: EXAMEN ORDINARIO
A68: 67 | B68: MELGAR MEDINA | C68: LUCIANA LISET | D68: 60195925 | E68: A261001277 | G68: lucymelgmed@gmail.com | H68: B | I68: PSICOLOGÍA | J68: Filial-Huacho | K68: ASISTIÓ | L68: 8 | M68: 0.32 | N68: 8 | O68: 0.8 | P68: 23 | Q68: 0.76666667 | R68: 13 | S68: 0.37142857 | T68: 52 | U68: 0.52 | V68: INGRESÓ | W68: VIRTUAL | X68: 46011 | Y68: DICIEMBRE | Z68: EXAMEN ORDINARIO
A69: 68 | B69: SIGUEÑAS BEDON | C69: HELEN YASHURIN | D69: 60405475 | E69: A261001005 | G69: helenyashurinsiguenasbedon@gmail.com | H69: B | I69: PSICOLOGÍA | J69: Filial-Huacho | K69: ASISTIÓ | L69: 17 | M69: 0.68 | N69: 8 | O69: 0.8 | P69: 23 | Q69: 0.76666667 | R69: 29 | S69: 0.82857143 | T69: 77 | U69: 0.77 | V69: INGRESÓ | W69: VIRTUAL | X69: 46011 | Y69: DICIEMBRE | Z69: PRIMERA OPCIÓN
A70: 69 | B70: FELIX MENDOZA | C70: DULCE INES | D70: 60584671 | E70: A261001161 | G70: inesmid15@gmail.com | H70: B | I70: PSICOLOGÍA | J70: Filial-Huacho | K70: ASISTIÓ | L70: 12 | M70: 0.48 | N70: 8 | O70: 0.8 | P70: 23 | Q70: 0.76666667 | R70: 23 | S70: 0.65714286 | T70: 66 | U70: 0.66 | V70: INGRESÓ | W70: VIRTUAL | X70: 46011 | Y70: DICIEMBRE | Z70: EXAMEN ORDINARIO
A71: 70 | B71: BECERRA QUIÑONEZ | C71: EVER DAVID | D71: 60620325 | E71: A261000935 | G71: everdavidbecerra@gmail.com | H71: B | I71: PSICOLOGÍA | J71: Filial-Huacho | K71: ASISTIÓ | L71: 16 | M71: 0.64 | N71: 8 | O71: 0.8 | P71: 6 | Q71: 0.2 | R71: 12 | S71: 0.34285714 | T71: 42 | U71: 0.42 | V71: INGRESÓ | W71: VIRTUAL | X71: 46011 | Y71: DICIEMBRE | Z71: PRIMERA OPCIÓN
A72: 71 | B72: TASAYCO ROJAS | C72: AIKO VICTORIA | D72: 60620334 | E72: A261001070 | G72: victoriatasayco.14@gmail.com | H72: B | I72: PSICOLOGÍA | J72: Filial-Huacho | K72: ASISTIÓ | L72: 19 | M72: 0.76 | N72: 8 | O72: 0.8 | P72: 20 | Q72: 0.66666667 | R72: 29 | S72: 0.82857143 | T72: 76 | U72: 0.76 | V72: INGRESÓ | W72: VIRTUAL | X72: 46011 | Y72: DICIEMBRE | Z72: PRIMERA OPCIÓN
A73: 72 | B73: BISSO DE LOS SANTOS | C73: AIXA ESTEFANIA | D73: 60650142 | E73: A261001010 | G73: aixab036@gmail.com | H73: B | I73: PSICOLOGÍA | J73: Filial-Huacho | K73: ASISTIÓ | L73: 19 | M73: 0.76 | N73: 9 | O73: 0.9 | P73: 29 | Q73: 0.96666667 | R73: 29 | S73: 0.82857143 | T73: 86 | U73: 0.86 | V73: INGRESÓ | W73: VIRTUAL | X73: 46011 | Y73: DICIEMBRE | Z73: PRIMERA OPCIÓN
A74: 73 | B74: RAMOS LLAGAS | C74: STEFANIE GERALDINE | D74: 60803824 | E74: A261000146 | G74: geraldineyoriana@gmail.com | H74: B | I74: PSICOLOGÍA | J74: FILIAL HUAURA | K74: ASISTIÓ | L74: 17 | M74: 0.68 | N74: 7 | O74: 0.7 | P74: 18 | Q74: 0.6 | R74: 31 | S74: 0.88571429 | T74: 73 | U74: 0.73 | V74: INGRESÓ | W74: VIRTUAL | X74: 46011 | Y74: DICIEMBRE | Z74: EXAMEN ORDINARIO
A75: 74 | B75: CUBAS AREVALO | C75: ERIKA ANGELIQUE | D75: 61062624 | E75: A261000931 | G75: erika2018cubas@gmail.com | H75: B | I75: PSICOLOGÍA | J75: Filial-Huacho | K75: ASISTIÓ | L75: 17 | M75: 0.68 | N75: 6 | O75: 0.6 | P75: 22 | Q75: 0.73333333 | R75: 31 | S75: 0.88571429 | T75: 76 | U75: 0.76 | V75: INGRESÓ | W75: VIRTUAL | X75: 46011 | Y75: DICIEMBRE | Z75: EXAMEN ORDINARIO
A76: 75 | B76: FLORES CASTILLO | C76: NAYELEE YERAY | D76: 61454735 | E76: A261000995 | G76: nayeleefflores14@gmail.com | H76: B | I76: PSICOLOGÍA | J76: Filial-Huacho | K76: ASISTIÓ | L76: 20 | M76: 0.8 | N76: 9 | O76: 0.9 | P76: 28 | Q76: 0.93333333 | R76: 28 | S76: 0.8 | T76: 85 | U76: 0.85 | V76: INGRESÓ | W76: VIRTUAL | X76: 46011 | Y76: DICIEMBRE | Z76: PRIMERA OPCIÓN
A77: 76 | B77: ALCANTARA HUERTA | C77: CARLOS HAILTON | D77: 61760402 | E77: A261001155 | G77: carloshalcantara18@gmail.com | H77: B | I77: PSICOLOGÍA | J77: SEDE CHINCHA ALTA | K77: ASISTIÓ | L77: 22 | M77: 0.88 | N77: 9 | O77: 0.9 | P77: 21 | Q77: 0.7 | R77: 28 | S77: 0.8 | T77: 80 | U77: 0.8 | V77: INGRESÓ | W77: VIRTUAL | X77: 46011 | Y77: DICIEMBRE | Z77: PRIMERA OPCIÓN
A78: 77 | B78: MANRIQUE ARANDA | C78: JOSHUA GABRIEL ANTONIO | D78: 61760417 | E78: A261000987 | F78: 935020096 | G78: joshua_211217@hotmail.com | H78: B | I78: PSICOLOGÍA | J78: Filial-Huacho | K78: ASISTIÓ | L78: 21 | M78: 0.84 | N78: 9 | O78: 0.9 | P78: 26 | Q78: 0.86666667 | R78: 33 | S78: 0.94285714 | T78: 89 | U78: 0.89 | V78: INGRESÓ | W78: VIRTUAL | X78: 46011 | Y78: DICIEMBRE | Z78: PRIMERA OPCIÓN
A79: 78 | B79: PALA VEGA | C79: ROSA ELENA | D79: 71396975 | E79: A261001103 | G79: palavegarosa@gmail.com | H79: B | I79: PSICOLOGÍA | J79: Filial-Huacho | K79: ASISTIÓ | L79: 19 | M79: 0.76 | N79: 7 | O79: 0.7 | P79: 17 | Q79: 0.56666667 | R79: 29 | S79: 0.82857143 | T79: 72 | U79: 0.72 | V79: INGRESÓ | W79: VIRTUAL | X79: 46011 | Y79: DICIEMBRE | Z79: EXAMEN ORDINARIO
A80: 79 | B80: TRUJILLO FELIX | C80: ADELAIDA ANGELA | D80: 71654895 | E80: A261000999 | G80: angelatrujillofelix881@gmail.com | H80: B | I80: PSICOLOGÍA | J80: Filial-Huacho | K80: ASISTIÓ | L80: 17 | M80: 0.68 | N80: 9 | O80: 0.9 | P80: 25 | Q80: 0.83333333 | R80: 31 | S80: 0.88571429 | T80: 82 | U80: 0.82 | V80: INGRESÓ | W80: VIRTUAL | X80: 46011 | Y80: DICIEMBRE | Z80: EXAMEN ORDINARIO
A81: 80 | B81: HERNANDEZ RODRIGUEZ | C81: FIORELLA VALENTINA | D81: 72068824 | E81: A261001196 | G81: hernandezfiorellaelena83@gmail.com | H81: B | I81: PSICOLOGÍA | J81: Filial-Huacho | K81: ASISTIÓ | L81: 14 | M81: 0.56 | N81: 7 | O81: 0.7 | P81: 8 | Q81: 0.26666667 | R81: 12 | S81: 0.34285714 | T81: 41 | U81: 0.41 | V81: INGRESÓ | W81: VIRTUAL | X81: 46011 | Y81: DICIEMBRE | Z81: PRIMERA OPCIÓN
A82: 81 | B82: ROJAS ASCENCIO | C82: NATALY NICOLL | D82: 72868105 | E82: A261000950 | G82: natanicolet@gmail.com | H82: B | I82: PSICOLOGÍA | J82: Filial-Huacho | K82: ASISTIÓ | L82: 21 | M82: 0.84 | N82: 7 | O82: 0.7 | P82: 25 | Q82: 0.83333333 | R82: 32 | S82: 0.91428571 | T82: 85 | U82: 0.85 | V82: INGRESÓ | W82: VIRTUAL | X82: 46011 | Y82: DICIEMBRE | Z82: EXAMEN ORDINARIO
A83: 82 | B83: JARA LUTGARDO | C83: WILLIAM JAIR | D83: 73934005 | E83: A261000984 | G83: jairjaralutgardo@gmail.com | H83: B | I83: PSICOLOGÍA | J83: Filial-Huacho | K83: ASISTIÓ | L83: 20 | M83: 0.8 | N83: 8 | O83: 0.8 | P83: 26 | Q83: 0.86666667 | R83: 22 | S83: 0.62857143 | T83: 76 | U83: 0.76 | V83: INGRESÓ | W83: VIRTUAL | X83: 46011 | Y83: DICIEMBRE | Z83: EXAMEN ORDINARIO
A84: 83 | B84: NAZARIO YAURI | C84: FRANK ALEXIS | D84: 75384137 | E84: A261001071 | G84: aleexsummer@gmail.com | H84: B | I84: PSICOLOGÍA | J84: Filial-Huacho | K84: ASISTIÓ | L84: 15 | M84: 0.6 | N84: 6 | O84: 0.6 | P84: 16 | Q84: 0.53333333 | R84: 29 | S84: 0.82857143 | T84: 66 | U84: 0.66 | V84: INGRESÓ | W84: VIRTUAL | X84: 46011 | Y84: DICIEMBRE | Z84: EXAMEN ORDINARIO
A85: 84 | B85: SANDOVAL ACHIC | C85: DEYBI ANDRES | D85: 75467161 | E85: A261001267 | G85: deybixoo084@gmail.com | H85: B | I85: PSICOLOGÍA | J85: Filial-Huacho | K85: ASISTIÓ | L85: 13 | M85: 0.52 | N85: 4 | O85: 0.4 | P85: 21 | Q85: 0.7 | R85: 29 | S85: 0.82857143 | T85: 67 | U85: 0.67 | V85: INGRESÓ | W85: VIRTUAL | X85: 46011 | Y85: DICIEMBRE | Z85: EXAMEN ORDINARIO
A86: 85 | B86: ARELLANO NARBASTA | C86: ARLETH CRISTINA | D86: 75611270 | E86: A261001144 | G86: arlesitha2020@gmail.com | H86: B | I86: PSICOLOGÍA | J86: Filial-Huacho | K86: ASISTIÓ | L86: 12 | M86: 0.48 | N86: 3 | O86: 0.3 | P86: 23 | Q86: 0.76666667 | R86: 29 | S86: 0.82857143 | T86: 67 | U86: 0.67 | V86: INGRESÓ | W86: VIRTUAL | X86: 46011 | Y86: DICIEMBRE | Z86: PRIMERA OPCIÓN
A87: 86 | B87: LLEREN TORRES | C87: XIOMARA JANET | D87: 75675864 | E87: A261001138 | G87: xiomy201000@gmail.com | H87: B | I87: PSICOLOGÍA | J87: SEDE CHINCHA ALTA | K87: ASISTIÓ | L87: 11 | M87: 0.44 | N87: 7 | O87: 0.7 | P87: 9 | Q87: 0.3 | R87: 12 | S87: 0.34285714 | T87: 39 | U87: 0.39 | V87: INGRESÓ | W87: VIRTUAL | X87: 46011 | Y87: DICIEMBRE | Z87: EXAMEN ORDINARIO
A88: 87 | B88: PITMAN HUAMAN | C88: MARIELA SARAI | D88: 77324050 | E88: A261001286 | G88: marielapitman1@gmail.com | H88: B | I88: PSICOLOGÍA | J88: Filial-Huacho | K88: ASISTIÓ | L88: 20 | M88: 0.8 | N88: 9 | O88: 0.9 | P88: 26 | Q88: 0.86666667 | R88: 27 | S88: 0.77142857 | T88: 82 | U88: 0.82 | V88: INGRESÓ | W88: VIRTUAL | X88: 46011 | Y88: DICIEMBRE | Z88: EXAMEN ORDINARIO
A89: 88 | B89: VILLAFANE QUISPE | C89: RAUL ALBERT | D89: 77708179 | E89: A261000914 | F89: 973114702 | G89: ahioiyim@gmail.com | H89: B | I89: PSICOLOGÍA | J89: Filial-Huacho | K89: ASISTIÓ | L89: 8 | M89: 0.32 | N89: 5 | O89: 0.5 | P89: 13 | Q89: 0.43333333 | R89: 15 | S89: 0.42857143 | T89: 41 | U89: 0.41 | V89: INGRESÓ | W89: VIRTUAL | X89: 46011 | Y89: DICIEMBRE | Z89: EXAMEN ORDINARIO
A90: 89 | B90: ATOCSA ROMERO | C90: MARIO ARMANDO | D90: 72641597 | E90: A261000092 | G90: marioarmandosig@gmail.com | H90: A | I90: INGENIERÍA INDUSTRIAL | J90: SEDE CHINCHA ALTA | K90: NO ASISTIÓ | L90: - | M90: - | N90: - | O90: - | P90: - | Q90: - | R90: - | S90: - | T90: - | U90: - | V90: - | W90: - | X90: - | Y90: - | Z90: -
A91: 90 | B91: ALVAREZ ARRIETA | C91: DAVID PABLO | D91: 42452169 | E91: A261000404 | G91: david.alvarez.arrieta@gmail.com | H91: C | I91: DERECHO | J91: SEDE CHINCHA ALTA | K91: NO ASISTIÓ | L91: - | M91: - | N91: - | O91: - | P91: - | Q91: - | R91: - | S91: - | T91: - | U91: - | V91: - | W91: - | X91: - | Y91: - | Z91: -
A92: 91 | B92: BELLO SAUCEDO | C92: SILVANA CONSUELO | D92: 47160846 | E92: A261000573 | G92: silvanaconsuelobellosaucedo@gmail.com | H92: C | I92: CONTABILIDAD | J92: FILIAL ICA | K92: NO ASISTIÓ | L92: - | M92: - | N92: - | O92: - | P92: - | Q92: - | R92: - | S92: - | T92: - | U92: - | V92: - | W92: - | X92: - | Y92: - | Z92: -
A93: 92 | B93: BENANCIO VELASQUEZ | C93: VICENTE EDIEL | D93: 74937071 | E93: A261001116 | G93: vicenteeddy20@gmail.com | H93: C | I93: DERECHO | J93: SEDE CHINCHA ALTA | K93: NO ASISTIÓ | L93: - | M93: - | N93: - | O93: - | P93: - | Q93: - | R93: - | S93: - | T93: - | U93: - | V93: - | W93: - | X93: - | Y93: - | Z93: -
A94: 93 | B94: GERMANY ALVARADO | C94: OSIRIS MAGDIEL | D94: 61113074 | E94: A261001098 | G94: germanyalvaradomagdiel@gmail.com | H94: C | I94: DERECHO | J94: Filial-Huacho | K94: NO ASISTIÓ | L94: - | M94: - | N94: - | O94: - | P94: - | Q94: - | R94: - | S94: - | T94: - | U94: - | V94: - | W94: - | X94: - | Y94: - | Z94: -
A95: 94 | B95: ROBLES CHUMBES | C95: MARY GRACE MILAGRITOS | D95: 70657326 | E95: A261000502 | G95: pedromiguelcocabazalar@gmail.com | H95: C | I95: DERECHO | J95: Filial-Huacho | K95: NO ASISTIÓ | L95: - | M95: - | N95: - | O95: - | P95: - | Q95: - | R95: - | S95: - | T95: - | U95: - | V95: - | W95: - | X95: - | Y95: - | Z95: -
A96: 95 | B96: ROMERO SHAPIAMA | C96: GEOFFREY SAMUEL | D96: 60403176 | E96: A261001200 | G96: shapiamamaritza36@gmail.com | H96: B | I96: PSICOLOGÍA | J96: Filial-Huacho | K96: NO ASISTIÓ | L96: - | M96: - | N96: - | O96: - | P96: - | Q96: - | R96: - | S96: - | T96: - | U96: - | V96: - | W96: - | X96: - | Y96: - | Z96: -

Sheet Datos
A1: DNI | B1: AREA | C1: MODALIDAD DE INGRESO | D1: NOMBRES | E1: APELLIDOS | F1: CODIGO | G1: TELEFONO | H1: CORREO
A2: 60584665 | C2: PROM - ENF. Y ARQUIT. - ORDINARIO (100% DCTO) | D2: YAMILEHT SOFIA | E2: GUILLEN ROSAS | F2: A252000007 | G2: 9129077007 | H2: sofia.acuarelita@gmail.com
A3: 61747247 | C3: GENERAL - ORDINARIO (30% DCTO) | D3: KEVIN LEONEL | E3: SOLORZANO HUAYTAN | F3: A252000078 | G3: 927435622 | H3: solorzano24kevin@gmail.com
A4: 79950632 | C4: GENERAL - ORDINARIO (30% DCTO) | D4: JOSE DARIO LALILIVIO | E4: SANCHEZ BRAVO | F4: A252000079 | G4: 907254866 | H4: darsanchez134@gmail.com, rosmeribravo@hotmail.com
A5: 71918593 | C5: PROM - ENF. Y ARQUIT. - ORDINARIO (100% DCTO) | D5: JOEL ANGELLO | E5: DOMINGUEZ MARQUEZ | F5: A252000108 | G5: 976279321 | H5: angello_dominguez_@hotmail.com, angellodominguez15@gmail.com
A6: 60745483 | C6: PROM - ENF. Y ARQUIT. - ORDINARIO (100% DCTO) | D6: ROGER GIANPIERE | E6: MAYO AYALA | F6: A252000113 | G6: 964265848 | H6: nicolasayala18pe@gmail.com
A7: 60209971 | C7: PROM - ENF. Y ARQUIT. - ORDINARIO (100% DCTO) | D7: THALIA ESTHEFANY | E7: LOPEZ PASCUAL | F7: A252000177 | G7: 970201561 | H7: thalialopez750@gmail.com
A8: 71448858 | C8: GENERAL - ORDINARIO (30% DCTO) | D8: LIMSAY ANDREA | E8: BERNAL QUINTEROS | F8: A252000207 | G8: 946465108 | H8: limsay_27@hotmail.com
A9: 71957612 | C9: GENERAL - ORDINARIO (30% DCTO) | D9: THALIA LUCERO | E9: MOSQUERA SAMANAMUD | F9: A252000209 | G9: 958469815 | H9: tlmosquerasama@gmail.com
A10: 75364805 | C10: GENERAL - ORDINARIO (30% DCTO) | D10: JAZMINE JENNIFFER | E10: MAZA GARCIA | F10: A252000212 | G10: 967153853 | H10: garciastone@hotmail.com
A11: 73874633 | C11: JUNIO - ENFER. Y ARQUITC. - ORDINARIO | D11: VALERIA ALEJANDRA | E11: MAZA SOLORZANO | F11: A252000284 | G11: 992778190 | H11: valeriaalejandramaza@gmail.com
A12: 60797365 | C12: PROM - GENERAL - ORDINARIO (100% DCTO) | D12: ALISON JOVANA | E12: ASCENCIO RAMIREZ | F12: A252000326 | G12: 904133460 | H12: ascencioalison2@gmail.com
A13: 73259401 | C13: PROM - GENERAL - ORDINARIO (100% DCTO) | D13: JORGE LUIS | E13: SILVA QUISPE | F13: A252000384 | G13: 916039955 | H13: j.luissilva427@gmail.com
... A91: 23984656 | C91: A DISTANCIA - GENERAL - ORDINARIO - PROM | D91: MARTHA RAQUEL | E91: GUILLEN PENA | F91: A252000328 | G91: 991044561 | H91: guillenpear@yahoo.com
A92: 00320212 | C92: A DISTANCIA - GENERAL - ORDINARIO - PROM | D92: HENRRY SIGIFREDO | E92: ERAS MONTOYA | F92: A252000421 | G92: 935226787 | H92: polieras1164@gmail.com
A93: 42913641 | C93: A DISTANCIA - GENERAL - ORDINARIO - PROM | D93: HILDA ALICIA | E93: RIMAC MEDINA | F93: A252000510 | G93: 961430520 | H93: hildaaliciarimacmedina@gmail.com
A94: 60777931 | C94: A DISTANCIA - GENERAL - ORDINARIO - PROM | D94: URTEAGA LIBBY ANTUANETTE | E94: CACERES SAM | F94: A252000627 | G94: 970705831 | H94: libbyurteaga@gmail.com
A95: 46741192 | C95: A DISTANCIA - GENERAL - ORDINARIO - PROM | D95: BASILIO APOLINARIO | E95: OROCHE GUTIERREZ | F95: A252000629 | G95: 974404727 | H95: gutierrezob@gmail.com
A96: 40524243 | C96: A DISTANCIA - GENERAL - ORDINARIO - PROM | D96: NEIBY YHOJANA | E96: URTEAGA QUEZADA | F96: A252000631 | G96: 931761676 | H96: neiby_04_04@hotmail.com
A97: 21863556 | C97: A DISTANCIA - GENERAL - ORDINARIO - PROM | D97: JOSE MANUEL | E97: TASAYCO TORRES | F97: A252000649 | G97: 950779982 | H97: moritasayco39041973@gmail.com
A98: 42720410 | C98: A DISTANCIA - GENERAL - ORDINARIO - PROM | D98: PABLO CESAR | E98: RUIZ CHERO | F98: A252000668 | G98: 968772565, 992622529 | H98: cesar_ch3@hotmail.com
A99: 71061962 | C99: A DISTANCIA - GENERAL - ORDINARIO | D99: RAUL MARTIN | E99: CONDO ARENAS | F99: A252000682 | G99: 963414134 | H99: gamersoteop7@hotmail.com
A100: 60886660 | C100: A DISTANCIA - GENERAL - ORDINARIO - PROM | D100: FLAVIO | E100: CHUQUISPUMA TAPIA | F100: A252000701 | G100: 980657958 | H100: flaviotapia2018@gmail.com
A101: 78105587 | C101: A DISTANCIA - GENERAL - ORDINARIO - PROM | D101: LEONEL JEREMY | E101: ROSAS SALGUERON | F101: A252000702 | G101: 920063869 | H101: jrosassalgueron@gmail.com
A102: 45356308 | C102: PROM - GENERAL - ORDINARIO (100% DCTO) | D102: RONALD ERICK | E102: VILCA ESTEBAN | F102: A252000710 | G102: 955571334, 937325164 | H102: pegasoesteban2@gmail.com
A103: 46709229 | C103: A DISTANCIA - GENERAL - ORDINARIO | D103: HELBERT ROMER | E103: FLORES AGUILAR | F103: A252000717 | G103: 989649098 | H103: helbert2711@gmail.com
A104: 61144951 | C104: A DISTANCIA - GENERAL - ORDINARIO - PROM | D104: ORLANDO DAVID | E104: VERASTEGUI LOPEZ | F104: A252000718 | G104: 931883724 | H104: davidlopez13111@gmail.com
... A143: 73359671 | C143: A DISTANCIA - GENERAL - ORDINARIO - PROM | D143: LEIDY SELENA | E143: AGUERO RAMOS | F143: A252001083 | G143: 991481268 | H143: agueroramosselena@gmail.com

Sheet Hoja2
I1: 1
A2: 1 | B2: =VLOOKUP(D2,Datos!$A$1:$H$256,4,FALSE) -> #N/A | C2: =VLOOKUP(D2,Datos!$A$1:$H$256,5,FALSE) -> #N/A | D2: 60930028 | E2: =VLOOKUP(D2,Datos!$A$1:$H$256,6,FALSE) -> #N/A | F2: =VLOOKUP(D2,Datos!$A$1:$H$256,7,FALSE) -> #N/A | G2: =VLOOKUP(D2,Datos!$A$1:$H$256,8,FALSE) -> #N/A | H2: A | I2: INGENIERIA INDUSTRIAL | J2: SEDE CHINCHA | K2: ASISTIÓ | L2: 11 | M2: =IF(L2="","",(L2/25)) -> 0.44 | N2: 10 | O2: =IF(N2="","",(N2/10)) -> 1 | P2: 17 | Q2: =IF(P2="","",(P2/50)) -> 0.34 | R2: 3 | S2: =IF(R2="","",(R2/15)) -> 0.2 | T2: =L2+N2+P2+R2 -> 41 | U2: =IF(T2="","",(T2/100)) -> 0.41 | V2: =IF(U2=0,"NO INGRESÓ","INGRESÓ") -> INGRESÓ | W2: PRESENCIAL | X2: 45745 | Y2: MARZO | Z2: =VLOOKUP(D2,Datos!$A$1:$C$256,3,FALSE) -> #N/A
A3: 2 | B3: =VLOOKUP(D3,Datos!$A$1:$H$256,4,FALSE) -> #N/A | C3: =VLOOKUP(D3,Datos!$A$1:$H$256,5,FALSE) -> #N/A | D3: 75018255 | E3: =VLOOKUP(D3,Datos!$A$1:$H$256,6,FALSE) -> #N/A | F3: =VLOOKUP(D3,Datos!$A$1:$H$256,7,FALSE) -> #N/A | G3: =VLOOKUP(D3,Datos!$A$1:$H$256,8,FALSE) -> #N/A | H3: A | I3: INGENIERIA INDUSTRIAL | J3: SEDE CHINCHA | K3: ASISTIÓ | L3: 14 | M3: =IF(L3="","",(L3/25)) -> 0.56 | N3: 8 | O3: =IF(N3="","",(N3/10)) -> 0.8 | P3: 17 | Q3: =IF(P3="","",(P3/50)) -> 0.34 | R3: 7 | S3: =IF(R3="","",(R3/15)) -> 0.46666667 | T3: =L3+N3+P3+R3 -> 46 | U3: =IF(T3="","",(T3/100)) -> 0.46 | V3: =IF(U3=0,"NO INGRESÓ","INGRESÓ") -> INGRESÓ | W3: PRESENCIAL | X3: 45745 | Y3: MARZO | Z3: =VLOOKUP(D3,Datos!$A$1:$C$256,3,FALSE) -> #N/A
A4: 3 | B4: =VLOOKUP(D4,Datos!$A$1:$H$256,4,FALSE) -> #N/A | C4: =VLOOKUP(D4,Datos!$A$1:$H$256,5,FALSE) -> #N/A | D4: 71430099 | E4: =VLOOKUP(D4,Datos!$A$1:$H$256,6,FALSE) -> #N/A | F4: =VLOOKUP(D4,Datos!$A$1:$H$256,7,FALSE) -> #N/A | G4: =VLOOKUP(D4,Datos!$A$1:$H$256,8,FALSE) -> #N/A | H4: A | I4: INGENIERIA CIVIL | J4: SEDE CHINCHA | K4: ASISTIÓ | L4: 9 | M4: =IF(L4="","",(L4/25)) -> 0.36 | N4: 8 | O4: =IF(N4="","",(N4/10)) -> 0.8 | P4: 25 | Q4: =IF(P4="","",(P4/50)) -> 0.5 | R4: 5 | S4: =IF(R4="","",(R4/15)) -> 0.33333333 | T4: =L4+N4+P4+R4 -> 47 | U4: =IF(T4="","",(T4/100)) -> 0.47 | V4: =IF(U4=0,"NO INGRESÓ","INGRESÓ") -> INGRESÓ | W4: PRESENCIAL | X4: 45745 | Y4: MARZO | Z4: =VLOOKUP(D4,Datos!$A$1:$C$256,3,FALSE) -> #N/A
A5: 4 | B5: =VLOOKUP(D5,Datos!$A$1:$H$256,4,FALSE) -> #N/A | C5: =VLOOKUP(D5,Datos!$A$1:$H$256,5,FALSE) -> #N/A | D5: 61247481 | E5: =VLOOKUP(D5,Datos!$A$1:$H$256,6,FALSE) -> #N/A | F5: =VLOOKUP(D5,Datos!$A$1:$H$256,7,FALSE) -> #N/A | G5: =VLOOKUP(D5,Datos!$A$1:$H$256,8,FALSE) -> #N/A | H5: A | I5: INGENIERIA CIVIL | J5: SEDE CHINCHA | K5: ASISTIÓ | L5: 10 | M5: =IF(L5="","",(L5/25)) -> 0.4 | N5: 7 | O5: =IF(N5="","",(N5/10)) -> 0.7 | P5: 10 | Q5: =IF(P5="","",(P5/50)) -> 0.2 | R5: 3 | S5: =IF(R5="","",(R5/15)) -> 0.2 | T5: =L5+N5+P5+R5 -> 30 | U5: =IF(T5="","",(T5/100)) -> 0.3 | V5: =IF(U5=0,"NO INGRESÓ","INGRESÓ") -> INGRESÓ | W5: PRESENCIAL | X5: 45745 | Y5: MARZO | Z5: =VLOOKUP(D5,Datos!$A$1:$C$256,3,FALSE) -> #N/A
A6: 5 | B6: =VLOOKUP(D6,Datos!$A$1:$H$256,4,FALSE) -> #N/A | C6: =VLOOKUP(D6,Datos!$A$1:$H$256,5,FALSE) -> #N/A | D6: 60984879 | E6: =VLOOKUP(D6,Datos!$A$1:$H$256,6,FALSE) -> #N/A | F6: =VLOOKUP(D6,Datos!$A$1:$H$256,7,FALSE) -> #N/A | G6: =VLOOKUP(D6,Datos!$A$1:$H$256,8,FALSE) -> #N/A | H6: A | I6: INGENIERIA DE SISTEMAS | J6: SEDE CHINCHA | K6: ASISTIÓ | L6: 13 | M6: =IF(L6="","",(L6/25)) -> 0.52 | N6: 7 | O6: =IF(N6="","",(N6/10)) -> 0.7 | P6: 18 | Q6: =IF(P6="","",(P6/50)) -> 0.36 | R6: 6 | S6: =IF(R6="","",(R6/15)) -> 0.4 | T6: =L6+N6+P6+R6 -> 44 | U6: =IF(T6="","",(T6/100)) -> 0.44 | V6: =IF(U6=0,"NO INGRESÓ","INGRESÓ") -> INGRESÓ | W6: PRESENCIAL | X6: 45745 | Y6: MARZO | Z6: =VLOOKUP(D6,Datos!$A$1:$C$256,3,FALSE) -> #N/A
A7: 6 | B7: =VLOOKUP(D7,Datos!$A$1:$H$256,4,FALSE) -> #N/A | C7: =VLOOKUP(D7,Datos!$A$1:$H$256,5,FALSE) -> #N/A | D7: 61247156 | E7: =VLOOKUP(D7,Datos!$A$1:$H$256,6,FALSE) -> #N/A | F7: =VLOOKUP(D7,Datos!$A$1:$H$256,7,FALSE) -> #N/A | G7: =VLOOKUP(D7,Datos!$A$1:$H$256,8,FALSE) -> #N/A | H7: A | I7: INGENIERIA INDUSTRIAL | J7: SEDE CHINCHA | K7: ASISTIÓ | L7: 12 | M7: =IF(L7="","",(L7/25)) -> 0.48 | N7: 10 | O7: =IF(N7="","",(N7/10)) -> 1 | P7: 20 | Q7: =IF(P7="","",(P7/50)) -> 0.4 | R7: 5 | S7: =IF(R7="","",(R7/15)) -> 0.33333333 | T7: =L7+N7+P7+R7 -> 47 | U7: =IF(T7="","",(T7/100)) -> 0.47 | V7: =IF(U7=0,"NO INGRESÓ","INGRESÓ") -> INGRESÓ | W7: PRESENCIAL | X7: 45745 | Y7: MARZO | Z7: =VLOOKUP(D7,Datos!$A$1:$C$256,3,FALSE) -> #N/A
A8: 7 | B8: =VLOOKUP(D8,Datos!$A$1:$H$256,4,FALSE) -> #N/A | C8: =VLOOKUP(D8,Datos!$A$1:$H$256,5,FALSE) -> #N/A | D8: 61060130 | E8: =VLOOKUP(D8,Datos!$A$1:$H$256,6,FALSE) -> #N/A | F8: =VLOOKUP(D8,Datos!$A$1:$H$256,7,FALSE) -> #N/A | G8: =VLOOKUP(D8,Datos!$A$1:$H$256,8,FALSE) -> #N/A | H8: A | I8: INGENIERIA INDUSTRIAL | J8: SEDE CHINCHA | K8: ASISTIÓ | L8: 4 | M8: =IF(L8="","",(L8/25)) -> 0.16 | N8: 1 | O8: =IF(N8="","",(N8/10)) -> 0.1 | P8: 20 | Q8: =IF(P8="","",(P8/50)) -> 0.4 | R8: 4 | S8: =IF(R8="","",(R8/15)) -> 0.26666667 | T8: =L8+N8+P8+R8 -> 29 | U8: =IF(T8="","",(T8/100)) -> 0.29 | V8: =IF(U8=0,"NO INGRESÓ","INGRESÓ") -> INGRESÓ | W8: PRESENCIAL | X8: 45745 | Y8: MARZO | Z8: =VLOOKUP(D8,Datos!$A$1:$C$256,3,FALSE) -> #N/A
A9: 8 | B9: =VLOOKUP(D9,Datos!$A$1:$H$256,4,FALSE) -> #N/A | C9: =VLOOKUP(D9,Datos!$A$1:$H$256,5,FALSE) -> #N/A | D9: 72816481 | E9: =VLOOKUP(D9,Datos!$A$1:$H$256,6,FALSE) -> #N/A | F9: =VLOOKUP(D9,Datos!$A$1:$H$256,7,FALSE) -> #N/A | G9: =VLOOKUP(D9,Datos!$A$1:$H$256,8,FALSE) -> #N/A | H9: A | I9: INGENIERIA INDUSTRIAL | J9: SEDE CHINCHA | K9: ASISTIÓ | L9: 8 | M9: =IF(L9="","",(L9/25)) -> 0.32 | N9: 8 | O9: =IF(N9="","",(N9/10)) -> 0.8 | P9: 14 | Q9: =IF(P9="","",(P9/50)) -> 0.28 | R9: 7 | S9: =IF(R9="","",(R9/15)) -> 0.46666667 | T9: =L9+N9+P9+R9 -> 37 | U9: =IF(T9="","",(T9/100)) -> 0.37 | V9: =IF(U9=0,"NO INGRESÓ","INGRESÓ") -> INGRESÓ | W9: PRESENCIAL | X9: 45745 | Y9: MARZO | Z9: =VLOOKUP(D9,Datos!$A$1:$C$256,3,FALSE) -> #N/A
A10: 9 | B10: =VLOOKUP(D10,Datos!$A$1:$H$256,4,FALSE) -> #N/A | C10: =VLOOKUP(D10,Datos!$A$1:$H$256,5,FALSE) -> #N/A | D10: 60536595 | E10: =VLOOKUP(D10,Datos!$A$1:$H$256,6,FALSE) -> #N/A | F10: =VLOOKUP(D10,Datos!$A$1:$H$256,7,FALSE) -> #N/A | G10: =VLOOKUP(D10,Datos!$A$1:$H$256,8,FALSE) -> #N/A | H10: A | I10: INGENIERIA DE SISTEMAS | J10: SEDE CHINCHA | K10: ASISTIÓ | L10: 3 | M10: =IF(L10="","",(L10/25)) -> 0.12 | N10: 5 | O10: =IF(N10="","",(N10/10)) -> 0.5 | P10: 15 | Q10: =IF(P10="","",(P10/50)) -> 0.3 | R10: 6 | S10: =IF(R10="","",(R10/15)) -> 0.4 | T10: =L10+N10+P10+R10 -> 29 | U10: =IF(T10="","",(T10/100)) -> 0.29 | V10: =IF(U10=0,"NO INGRESÓ","INGRESÓ") -> INGRESÓ | W10: PRESENCIAL | X10: 45745 | Y10: MARZO | Z10: =VLOOKUP(D10,Datos!$A$1:$C$256,3,FALSE) -> #N/A
A11: 10 | B11: =VLOOKUP(D11,Datos!$A$1:$H$256,4,FALSE) -> #N/A | C11: =VLOOKUP(D11,Datos!$A$1:$H$256,5,FALSE) -> #N/A | D11: 60984495 | E11: =VLOOKUP(D11,Datos!$A$1:$H$256,6,FALSE) -> #N/A | F11: =VLOOKUP(D11,Datos!$A$1:$H$256,7,FALSE) -> #N/A | G11: =VLOOKUP(D11,Datos!$A$1:$H$256,8,FALSE) -> #N/A | H11: A | I11: INGENIERIA INDUSTRIAL | J11: SEDE CHINCHA | K11: ASISTIÓ | L11: 7 | M11: =IF(L11="","",(L11/25)) -> 0.28 | N11: 8 | O11: =IF(N11="","",(N11/10)) -> 0.8 | P11: 11 | Q11: =IF(P11="","",(P11/50)) -> 0.22 | R11: 4 | S11: =IF(R11="","",(R11/15)) -> 0.26666667 | T11: =L11+N11+P11+R11 -> 30 | U11: =IF(T11="","",(T11/100)) -> 0.3 | V11: =IF(U11=0,"NO INGRESÓ","INGRESÓ") -> INGRESÓ | W11: PRESENCIAL | X11: 45745 | Y11: MARZO | Z11: =VLOOKUP(D11,Datos!$A$1:$C$256,3,FALSE) -> #N/A
A12: 11 | B12: =VLOOKUP(D12,Datos!$A$1:$H$256,4,FALSE) -> #N/A | C12: =VLOOKUP(D12,Datos!$A$1:$H$256,5,FALSE) -> #N/A | D12: 74756208 | E12: =VLOOKUP(D12,Datos!$A$1:$H$256,6,FALSE) -> #N/A | F12: =VLOOKUP(D12,Datos!$A$1:$H$256,7,FALSE) -> #N/A | G12: =VLOOKUP(D12,Datos!$A$1:$H$256,8,FALSE) -> #N/A | H12: A | I12: INGENIERIA INDUSTRIAL | J12: SEDE CHINCHA | K12: ASISTIÓ | L12: 11 | M12: =IF(L12="","",(L12/25)) -> 0.44 | N12: 9 | O12: =IF(N12="","",(N12/10)) -> 0.9 | P12: 17 | Q12: =IF(P12="","",(P12/50)) -> 0.34 | R12: 4 | S12: =IF(R12="","",(R12/15)) -> 0.26666667 | T12: =L12+N12+P12+R12 -> 41 | U12: =IF(T12="","",(T12/100)) -> 0.41 | V12: =IF(U12=0,"NO INGRESÓ","INGRESÓ") -> INGRESÓ | W12: PRESENCIAL | X12: 45745 | Y12: MARZO | Z12: =VLOOKUP(D12,Datos!$A$1:$C$256,3,FALSE) -> #N/A
A13: 12 | B13: =VLOOKUP(D13,Datos!$A$1:$H$256,4,FALSE) -> #N/A | C13: =VLOOKUP(D13,Datos!$A$1:$H$256,5,FALSE) -> #N/A | D13: 60227545 | E13: =VLOOKUP(D13,Datos!$A$1:$H$256,6,FALSE) -> #N/A | F13: =VLOOKUP(D13,Datos!$A$1:$H$256,7,FALSE) -> #N/A | G13: =VLOOKUP(D13,Datos!$A$1:$H$256,8,FALSE) -> #N/A | H13: A | I13: ARQUITECTURA | J13: SEDE CHINCHA | K13: ASISTIÓ | L13: 13 | M13: =IF(L13="","",(L13/25)) -> 0.52 | N13: 2 | O13: =IF(N13="","",(N13/10)) -> 0.2 | P13: 12 | Q13: =IF(P13="","",(P13/50)) -> 0.24 | R13: 4 | S13: =IF(R13="","",(R13/15)) -> 0.26666667 | T13: =L13+N13+P13+R13 -> 31 | U13: =IF(T13="","",(T13/100)) -> 0.31 | V13: =IF(U13=0,"NO INGRESÓ","INGRESÓ") -> INGRESÓ | W13: PRESENCIAL | X13: 45745 | Y13: MARZO | Z13: =VLOOKUP(D13,Datos!$A$1:$C$256,3,FALSE) -> #N/A
... A69: 68 | B69: =VLOOKUP(D69,Datos!$A$1:$H$256,4,FALSE) -> #N/A | C69: =VLOOKUP(D69,Datos!$A$1:$H$256,5,FALSE) -> #N/A | D69: 60886936 | E69: =VLOOKUP(D69,Datos!$A$1:$H$256,6,FALSE) -> #N/A | F69: =VLOOKUP(D69,Datos!$A$1:$H$256,7,FALSE) -> #N/A | G69: =VLOOKUP(D69,Datos!$A$1:$H$256,8,FALSE) -> #N/A | H69: A | I69: INGENIERIA INDUSTRIAL | J69: SEDE CHINCHA | K69: ASISTIÓ | L69: 6 | M69: =IF(L69="","",(L69/25)) -> 0.24 | N69: 7 | O69: =IF(N69="","",(N69/10)) -> 0.7 | P69: 12 | Q69: =IF(P69="","",(P69/50)) -> 0.24 | R69: 3 | S69: =IF(R69="","",(R69/15)) -> 0.2 | T69: =L69+N69+P69+R69 -> 28 | U69: =IF(T69="","",(T69/100)) -> 0.28 | V69: =IF(U69=0,"NO INGRESÓ","INGRESÓ") -> INGRESÓ | W69: PRESENCIAL | X69: 45745 | Y69: MARZO | Z69: =VLOOKUP(D69,Datos!$A$1:$C$256,3,FALSE) -> #N/A
A70: 1 | B70: =VLOOKUP(D70,Datos!$A$1:$H$256,4,FALSE) -> #N/A | C70: =VLOOKUP(D70,Datos!$A$1:$H$256,5,FALSE) -> #N/A | D70: 47516374 | E70: =VLOOKUP(D70,Datos!$A$1:$H$256,6,FALSE) -> #N/A | F70: =VLOOKUP(D70,Datos!$A$1:$H$256,7,FALSE) -> #N/A | G70: =VLOOKUP(D70,Datos!$A$1:$H$256,8,FALSE) -> #N/A | H70: B | I70: TM OPTOMETRIA | J70: SEDE CHINCHA | K70: ASISTIÓ | L70: 16 | M70: =IF(L70="","",(L70/25)) -> 0.64 | N70: 8 | O70: =IF(N70="","",(N70/10)) -> 0.8 | P70: 11 | Q70: =IF(P70="","",(P70/35)) -> 0.31428571 | R70: 9 | S70: =IF(R70="","",(R70/30)) -> 0.3 | T70: =SUM(L70,N70,P70,R70) -> 44 | U70: =IF(T70="","",(T70/100)) -> 0.44 | V70: =IF(U70=0,"NO INGRESÓ","INGRESÓ") -> INGRESÓ | W70: PRESENCIAL | X70: 45745 | Y70: MARZO | Z70: =VLOOKUP(D70,Datos!$A$1:$C$256,3,FALSE) -> #N/A
A71: 2 | B71: =VLOOKUP(D71,Datos!$A$1:$H$256,4,FALSE) -> #N/A | C71: =VLOOKUP(D71,Datos!$A$1:$H$256,5,FALSE) -> #N/A | D71: 61247507 | E71: =VLOOKUP(D71,Datos!$A$1:$H$256,6,FALSE) -> #N/A | F71: =VLOOKUP(D71,Datos!$A$1:$H$256,7,FALSE) -> #N/A | G71: =VLOOKUP(D71,Datos!$A$1:$H$256,8,FALSE) -> #N/A | H71: B | I71: PSICOLOGIA | J71: SEDE CHINCHA | K71: ASISTIÓ | L71: 7 | M71: =IF(L71="","",(L71/25)) -> 0.28 | N71: 9 | O71: =IF(N71="","",(N71/10)) -> 0.9 | P71: 12 | Q71: =IF(P71="","",(P71/35)) -> 0.34285714 | R71: 6 | S71: =IF(R71="","",(R71/30)) -> 0.2 | T71: =SUM(L71,N71,P71,R71) -> 34 | U71: =IF(T71="","",(T71/100)) -> 0.34 | V71: =IF(U71=0,"NO INGRESÓ","INGRESÓ") -> INGRESÓ | W71: PRESENCIAL | X71: 45745 | Y71: MARZO | Z71: =VLOOKUP(D71,Datos!$A$1:$C$256,3,FALSE) -> #N/A
A72: 3 | B72: =VLOOKUP(D72,Datos!$A$1:$H$256,4,FALSE) -> #N/A | C72: =VLOOKUP(D72,Datos!$A$1:$H$256,5,FALSE) -> #N/A | D72: 40610052 | E72: =VLOOKUP(D72,Datos!$A$1:$H$256,6,FALSE) -> #N/A | F72: =VLOOKUP(D72,Datos!$A$1:$H$256,7,FALSE) -> #N/A | G72: =VLOOKUP(D72,Datos!$A$1:$H$256,8,FALSE) -> #N/A | H72: B | I72: TM OPTOMETRIA | J72: SEDE CHINCHA | K72: ASISTIÓ | L72: 11 | M72: =IF(L72="","",(L72/25)) -> 0.44 | N72: 9 | O72: =IF(N72="","",(N72/10)) -> 0.9 | P72: 12 | Q72: =IF(P72="","",(P72/35)) -> 0.34285714 | R72: 14 | S72: =IF(R72="","",(R72/30)) -> 0.46666667 | T72: =SUM(L72,N72,P72,R72) -> 46 | U72: =IF(T72="","",(T72/100)) -> 0.46 | V72: =IF(U72=0,"NO INGRESÓ","INGRESÓ") -> INGRESÓ | W72: PRESENCIAL | X72: 45745 | Y72: MARZO | Z72: =VLOOKUP(D72,Datos!$A$1:$C$256,3,FALSE) -> #N/A
A73: 4 | B73: =VLOOKUP(D73,Datos!$A$1:$H$256,4,FALSE) -> #N/A | C73: =VLOOKUP(D73,Datos!$A$1:$H$256,5,FALSE) -> #N/A | D73: 77018151 | E73: =VLOOKUP(D73,Datos!$A$1:$H$256,6,FALSE) -> #N/A | F73: =VLOOKUP(D73,Datos!$A$1:$H$256,7,FALSE) -> #N/A | G73: =VLOOKUP(D73,Datos!$A$1:$H$256,8,FALSE) -> #N/A | H73: B | I73: ENFERMERIA | J73: SEDE CHINCHA | K73: ASISTIÓ | L73: 9 | M73: =IF(L73="","",(L73/25)) -> 0.36 | N73: 7 | O73: =IF(N73="","",(N73/10)) -> 0.7 | P73: 9 | Q73: =IF(P73="","",(P73/35)) -> 0.25714286 | R73: 5 | S73: =IF(R73="","",(R73/30)) -> 0.16666667 | T73: =SUM(L73,N73,P73,R73) -> 30 | U73: =IF(T73="","",(T73/100)) -> 0.3 | V73: =IF(U73=0,"NO INGRESÓ","INGRESÓ") -> INGRESÓ | W73: PRESENCIAL | X73: 45745 | Y73: MARZO | Z73: =VLOOKUP(D73,Datos!$A$1:$C$256,3,FALSE) -> #N/A
A74: 5 | B74: =VLOOKUP(D74,Datos!$A$1:$H$256,4,FALSE) -> #N/A | C74: =VLOOKUP(D74,Datos!$A$1:$H$256,5,FALSE) -> #N/A | D74: 61298402 | E74: =VLOOKUP(D74,Datos!$A$1:$H$256,6,FALSE) -> #N/A | F74: =VLOOKUP(D74,Datos!$A$1:$H$256,7,FALSE) -> #N/A | G74: =VLOOKUP(D74,Datos!$A$1:$H$256,8,FALSE) -> #N/A | H74: B | I74: ENFERMERIA | J74: SEDE CHINCHA | K74: ASISTIÓ | L74: 4 | M74: =IF(L74="","",(L74/25)) -> 0.16 | N74: 9 | O74: =IF(N74="","",(N74/10)) -> 0.9 | P74: 5 | Q74: =IF(P74="","",(P74/35)) -> 0.14285714 | R74: 7 | S74: =IF(R74="","",(R74/30)) -> 0.23333333 | T74: =SUM(L74,N74,P74,R74) -> 25 | U74: =IF(T74="","",(T74/100)) -> 0.25 | V74: =IF(U74=0,"NO INGRESÓ","INGRESÓ") -> INGRESÓ | W74: PRESENCIAL | X74: 45745 | Y74: MARZO | Z74: =VLOOKUP(D74,Datos!$A$1:$C$256,3,FALSE) -> #N/A
A75: 6 | B75: =VLOOKUP(D75,Datos!$A$1:$H$256,4,FALSE) -> #N/A | C75: =VLOOKUP(D75,Datos!$A$1:$H$256,5,FALSE) -> #N/A | D75: 45918946 | E75: =VLOOKUP(D75,Datos!$A$1:$H$256,6,FALSE) -> #N/A | F75: =VLOOKUP(D75,Datos!$A$1:$H$256,7,FALSE) -> #N/A | G75: =VLOOKUP(D75,Datos!$A$1:$H$256,8,FALSE) -> #N/A | H75: B | I75: ENFERMERIA | J75: SEDE CHINCHA | K75: ASISTIÓ | L75: 11 | M75: =IF(L75="","",(L75/25)) -> 0.44 | N75: 6 | O75: =IF(N75="","",(N75/10)) -> 0.6 | P75: 15 | Q75: =IF(P75="","",(P75/35)) -> 0.42857143 | R75: 9 | S75: =IF(R75="","",(R75/30)) -> 0.3 | T75: =SUM(L75,N75,P75,R75) -> 41 | U75: =IF(T75="","",(T75/100)) -> 0.41 | V75: =IF(U75=0,"NO INGRESÓ","INGRESÓ") -> INGRESÓ | W75: PRESENCIAL | X75: 45745 | Y75: MARZO | Z75: =VLOOKUP(D75,Datos!$A$1:$C$256,3,FALSE) -> #N/A
A76: 7 | B76: =VLOOKUP(D76,Datos!$A$1:$H$256,4,FALSE) -> #N/A | C76: =VLOOKUP(D76,Datos!$A$1:$H$256,5,FALSE) -> #N/A | D76: 61145374 | E76: =VLOOKUP(D76,Datos!$A$1:$H$256,6,FALSE) -> #N/A | F76: =VLOOKUP(D76,Datos!$A$1:$H$256,7,FALSE) -> #N/A | G76: =VLOOKUP(D76,Datos!$A$1:$H$256,8,FALSE) -> #N/A | H76: B | I76: OBSTETRICIA | J76: SEDE CHINCHA | K76: ASISTIÓ | L76: 12 | M76: =IF(L76="","",(L76/25)) -> 0.48 | N76: 9 | O76: =IF(N76="","",(N76/10)) -> 0.9 | P76: 8 | Q76: =IF(P76="","",(P76/35)) -> 0.22857143 | R76: 10 | S76: =IF(R76="","",(R76/30)) -> 0.33333333 | T76: =SUM(L76,N76,P76,R76) -> 39 | U76: =IF(T76="","",(T76/100)) -> 0.39 | V76: =IF(U76=0,"NO INGRESÓ","INGRESÓ") -> INGRESÓ | W76: PRESENCIAL | X76: 45745 | Y76: MARZO | Z76: =VLOOKUP(D76,Datos!$A$1:$C$256,3,FALSE) -> #N/A
A77: 8 | B77: =VLOOKUP(D77,Datos!$A$1:$H$256,4,FALSE) -> #N/A | C77: =VLOOKUP(D77,Datos!$A$1:$H$256,5,FALSE) -> #N/A | D77: 60805765 | E77: =VLOOKUP(D77,Datos!$A$1:$H$256,6,FALSE) -> #N/A | F77: =VLOOKUP(D77,Datos!$A$1:$H$256,7,FALSE) -> #N/A | G77: =VLOOKUP(D77,Datos!$A$1:$H$256,8,FALSE) -> #N/A | H77: B | I77: TM OPTOMETRIA | J77: SEDE CHINCHA | K77: ASISTIÓ | L77: 10 | M77: =IF(L77="","",(L77/25)) -> 0.4 | N77: 6 | O77: =IF(N77="","",(N77/10)) -> 0.6 | P77: 16 | Q77: =IF(P77="","",(P77/35)) -> 0.45714286 | R77: 8 | S77: =IF(R77="","",(R77/30)) -> 0.26666667 | T77: =SUM(L77,N77,P77,R77) -> 40 | U77: =IF(T77="","",(T77/100)) -> 0.4 | V77: =IF(U77=0,"NO INGRESÓ","INGRESÓ") -> INGRESÓ | W77: PRESENCIAL | X77: 45745 | Y77: MARZO | Z77: =VLOOKUP(D77,Datos!$A$1:$C$256,3,FALSE) -> #N/A
A78: 9 | B78: =VLOOKUP(D78,Datos!$A$1:$H$256,4,FALSE) -> #N/A | C78: =VLOOKUP(D78,Datos!$A$1:$H$256,5,FALSE) -> #N/A | D78: 10764275 | E78: =VLOOKUP(D78,Datos!$A$1:$H$256,6,FALSE) -> #N/A | F78: =VLOOKUP(D78,Datos!$A$1:$H$256,7,FALSE) -> #N/A | G78: =VLOOKUP(D78,Datos!$A$1:$H$256,8,FALSE) -> #N/A | H78: B | I78: TM OPTOMETRIA | J78: SEDE CHINCHA | K78: ASISTIÓ | L78: 7 | M78: =IF(L78="","",(L78/25)) -> 0.28 | N78: 5 | O78: =IF(N78="","",(N78/10)) -> 0.5 | P78: 9 | Q78: =IF(P78="","",(P78/35)) -> 0.25714286 | R78: 5 | S78: =IF(R78="","",(R78/30)) -> 0.16666667 | T78: =SUM(L78,N78,P78,R78) -> 26 | U78: =IF(T78="","",(T78/100)) -> 0.26 | V78: =IF(U78=0,"NO INGRESÓ","INGRESÓ") -> INGRESÓ | W78: PRESENCIAL | X78: 45745 | Y78: MARZO | Z78: =VLOOKUP(D78,Datos!$A$1:$C$256,3,FALSE) -> #N/A
A79: 10 | B79: =VLOOKUP(D79,Datos!$A$1:$H$256,4,FALSE) -> #N/A | C79: =VLOOKUP(D79,Datos!$A$1:$H$256,5,FALSE) -> #N/A | D79: 8160587 | E79: =VLOOKUP(D79,Datos!$A$1:$H$256,6,FALSE) -> #N/A | F79: =VLOOKUP(D79,Datos!$A$1:$H$256,7,FALSE) -> #N/A | G79: =VLOOKUP(D79,Datos!$A$1:$H$256,8,FALSE) -> #N/A | H79: B | I79: TM OPTOMETRIA | J79: SEDE CHINCHA | K79: ASISTIÓ | L79: 8 | M79: =IF(L79="","",(L79/25)) -> 0.32 | N79: 4 | O79: =IF(N79="","",(N79/10)) -> 0.4 | P79: 9 | Q79: =IF(P79="","",(P79/35)) -> 0.25714286 | R79: 7 | S79: =IF(R79="","",(R79/30)) -> 0.23333333 | T79: =SUM(L79,N79,P79,R79) -> 28 | U79: =IF(T79="","",(T79/100)) -> 0.28 | V79: =IF(U79=0,"NO INGRESÓ","INGRESÓ") -> INGRESÓ | W79: PRESENCIAL | X79: 45745 | Y79: MARZO | Z79: =VLOOKUP(D79,Datos!$A$1:$C$256,3,FALSE) -> #N/A
A80: 11 | B80: =VLOOKUP(D80,Datos!$A$1:$H$256,4,FALSE) -> #N/A | C80: =VLOOKUP(D80,Datos!$A$1:$H$256,5,FALSE) -> #N/A | D80: 71453964 | E80: =VLOOKUP(D80,Datos!$A$1:$H$256,6,FALSE) -> #N/A | F80: =VLOOKUP(D80,Datos!$A$1:$H$256,7,FALSE) -> #N/A | G80: =VLOOKUP(D80,Datos!$A$1:$H$256,8,FALSE) -> #N/A | H80: B | I80: ENFERMERIA | J80: SEDE CHINCHA | K80: ASISTIÓ | L80: 16 | M80: =IF(L80="","",(L80/25)) -> 0.64 | N80: 10 | O80: =IF(N80="","",(N80/10)) -> 1 | P80: 18 | Q80: =IF(P80="","",(P80/35)) -> 0.51428571 | R80: 14 | S80: =IF(R80="","",(R80/30)) -> 0.46666667 | T80: =SUM(L80,N80,P80,R80) -> 58 | U80: =IF(T80="","",(T80/100)) -> 0.58 | V80: =IF(U80=0,"NO INGRESÓ","INGRESÓ") -> INGRESÓ | W80: PRESENCIAL | X80: 45745 | Y80: MARZO | Z80: =VLOOKUP(D80,Datos!$A$1:$C$256,3,FALSE) -> #N/A
A81: 12 | B81: =VLOOKUP(D81,Datos!$A$1:$H$256,4,FALSE) -> #N/A | C81: =VLOOKUP(D81,Datos!$A$1:$H$256,5,FALSE) -> #N/A | D81: 45562319 | E81: =VLOOKUP(D81,Datos!$A$1:$H$256,6,FALSE) -> #N/A | F81: =VLOOKUP(D81,Datos!$A$1:$H$256,7,FALSE) -> #N/A | G81: =VLOOKUP(D81,Datos!$A$1:$H$256,8,FALSE) -> #N/A | H81: B | I81: ENFERMERIA | J81: SEDE CHINCHA | K81: ASISTIÓ | L81: 13 | M81: =IF(L81="","",(L81/25)) -> 0.52 | N81: 7 | O81: =IF(N81="","",(N81/10)) -> 0.7 | P81: 20 | Q81: =IF(P81="","",(P81/35)) -> 0.57142857 | R81: 14 | S81: =IF(R81="","",(R81/30)) -> 0.46666667 | T81: =SUM(L81,N81,P81,R81) -> 54 | U81: =IF(T81="","",(T81/100)) -> 0.54 | V81: =IF(U81=0,"NO INGRESÓ","INGRESÓ") -> INGRESÓ | W81: PRESENCIAL | X81: 45745 | Y81: MARZO | Z81: =VLOOKUP(D81,Datos!$A$1:$C$256,3,FALSE) -> #N/A
... A253: 184 | B253: =VLOOKUP(D253,Datos!$A$1:$H$256,4,FALSE) -> #N/A | C253: =VLOOKUP(D253,Datos!$A$1:$H$256,5,FALSE) -> #N/A | D253: 40724398 | E253: =VLOOKUP(D253,Datos!$A$1:$H$256,6,FALSE) -> #N/A | F253: =VLOOKUP(D253,Datos!$A$1:$H$256,7,FALSE) -> #N/A | G253: =VLOOKUP(D253,Datos!$A$1:$H$256,8,FALSE) -> #N/A | H253: B | I253: TM OPTOMETRIA | J253: SEDE CHINCHA | K253: ASISTIÓ | L253: 14 | M253: =IF(L253="","",(L253/25)) -> 0.56 | N253: 10 | O253: =IF(N253="","",(N253/10)) -> 1 | P253: 20 | Q253: =IF(P253="","",(P253/35)) -> 0.57142857 | R253: 19 | S253: =IF(R253="","",(R253/30)) -> 0.63333333 | T253: =SUM(L253,N253,P253,R253) -> 63 | U253: =IF(T253="","",(T253/100)) -> 0.63 | V253: =IF(U253=0,"NO INGRESÓ","INGRESÓ") -> INGRESÓ | W253: PRESENCIAL | X253: 45745 | Y253: MARZO | Z253: =VLOOKUP(D253,Datos!$A$1:$C$256,3,FALSE) -> #N/A
A254: 1 | B254: =VLOOKUP(D254,Datos!$A$1:$H$256,4,FALSE) -> #N/A | C254: =VLOOKUP(D254,Datos!$A$1:$H$256,5,FALSE) -> #N/A | D254: 77661826 | E254: =VLOOKUP(D254,Datos!$A$1:$H$256,6,FALSE) -> #N/A | F254: =VLOOKUP(D254,Datos!$A$1:$H$256,7,FALSE) -> #N/A | G254: =VLOOKUP(D254,Datos!$A$1:$H$256,8,FALSE) -> #N/A | H254: C | I254: DERECHO | J254: SEDE CHINCHA | K254: ASISTIÓ | L254: 8 | M254: =IF(L254="","",(L254/25)) -> 0.32 | N254: 3 | O254: =IF(N254="","",(N254/10)) -> 0.3 | P254: 13 | Q254: =IF(P254="","",(P254/35)) -> 0.37142857 | R254: 9 | S254: =IF(R254="","",(R254/30)) -> 0.3 | T254: =L254+N254+P254+R254 -> 33 | U254: =IF(T254="","",(T254/100)) -> 0.33 | V254: =IF(U254=0,"NO INGRESÓ","INGRESÓ") -> INGRESÓ | W254: PRESENCIAL | X254: 45745 | Y254: MARZO | Z254: =VLOOKUP(D254,Datos!$A$1:$C$256,3,FALSE) -> #N/A
A255: 2 | B255: =VLOOKUP(D255,Datos!$A$1:$H$256,4,FALSE) -> #N/A | C255: =VLOOKUP(D255,Datos!$A$1:$H$256,5,FALSE) -> #N/A | D255: 60886720 | E255: =VLOOKUP(D255,Datos!$A$1:$H$256,6,FALSE) -> #N/A | F255: =VLOOKUP(D255,Datos!$A$1:$H$256,7,FALSE) -> #N/A | G255: =VLOOKUP(D255,Datos!$A$1:$H$256,8,FALSE) -> #N/A | H255: C | I255: ADMINISTRACION DE EMPRESAS | J255: SEDE CHINCHA | K255: ASISTIÓ | L255: 6 | M255: =IF(L255="","",(L255/25)) -> 0.24 | N255: 0 | O255: =IF(N255="","",(N255/10)) -> 0 | P255: 13 | Q255: =IF(P255="","",(P255/35)) -> 0.37142857 | R255: 11 | S255: =IF(R255="","",(R255/30)) -> 0.36666667 | T255: =L255+N255+P255+R255 -> 30 | U255: =IF(T255="","",(T255/100)) -> 0.3 | V255: =IF(U255=0,"NO INGRESÓ","INGRESÓ") -> INGRESÓ | W255: PRESENCIAL | X255: 45745 | Y255: MARZO | Z255: =VLOOKUP(D255,Datos!$A$1:$C$256,3,FALSE) -> #N/A
A256: 3 | B256: =VLOOKUP(D256,Datos!$A$1:$H$256,4,FALSE) -> #N/A | C256: =VLOOKUP(D256,Datos!$A$1:$H$256,5,FALSE) -> #N/A | D256: 61060628 | E256: =VLOOKUP(D256,Datos!$A$1:$H$256,6,FALSE) -> #N/A | F256: =VLOOKUP(D256,Datos!$A$1:$H$256,7,FALSE) -> #N/A | G256: =VLOOKUP(D256,Datos!$A$1:$H$256,8,FALSE) -> #N/A | H256: C | I256: ADMINISTRACION DE EMPRESAS | J256: SEDE CHINCHA | K256: ASISTIÓ | L256: 6 | M256: =IF(L256="","",(L256/25)) -> 0.24 | N256: 3 | O256: =IF(N256="","",(N256/10)) -> 0.3 | P256: 17 | Q256: =IF(P256="","",(P256/35)) -> 0.48571429 | R256: 6 | S256: =IF(R256="","",(R256/30)) -> 0.2 | T256: =L256+N256+P256+R256 -> 32 | U256: =IF(T256="","",(T256/100)) -> 0.32 | V256: =IF(U256=0,"NO INGRESÓ","INGRESÓ") -> INGRESÓ | W256: PRESENCIAL | X256: 45745 | Y256: MARZO | Z256: =VLOOKUP(D256,Datos!$A$1:$C$256,3,FALSE) -> #N/A
A257: 4 | B257: =VLOOKUP(D257,Datos!$A$1:$H$256,4,FALSE) -> #N/A | C257: =VLOOKUP(D257,Datos!$A$1:$H$256,5,FALSE) -> #N/A | D257: 60404599 | E257: =VLOOKUP(D257,Datos!$A$1:$H$256,6,FALSE) -> #N/A | F257: =VLOOKUP(D257,Datos!$A$1:$H$256,7,FALSE) -> #N/A | G257: =VLOOKUP(D257,Datos!$A$1:$H$256,8,FALSE) -> #N/A | H257: C | I257: DERECHO | J257: SEDE CHINCHA | K257: ASISTIÓ | L257: 8 | M257: =IF(L257="","",(L257/25)) -> 0.32 | N257: 3 | O257: =IF(N257="","",(N257/10)) -> 0.3 | P257: 12 | Q257: =IF(P257="","",(P257/35)) -> 0.34285714 | R257: 8 | S257: =IF(R257="","",(R257/30)) -> 0.26666667 | T257: =L257+N257+P257+R257 -> 31 | U257: =IF(T257="","",(T257/100)) -> 0.31 | V257: =IF(U257=0,"NO INGRESÓ","INGRESÓ") -> INGRESÓ | W257: PRESENCIAL | X257: 45745 | Y257: MARZO | Z257: =VLOOKUP(D257,Datos!$A$1:$C$256,3,FALSE) -> #N/A
A258: 5 | B258: =VLOOKUP(D258,Datos!$A$1:$H$256,4,FALSE) -> #N/A | C258: =VLOOKUP(D258,Datos!$A$1:$H$256,5,FALSE) -> #N/A | D258: 61205814 | E258: =VLOOKUP(D258,Datos!$A$1:$H$256,6,FALSE) -> #N/A | F258: =VLOOKUP(D258,Datos!$A$1:$H$256,7,FALSE) -> #N/A | G258: =VLOOKUP(D258,Datos!$A$1:$H$256,8,FALSE) -> #N/A | H258: C | I258: ADMINISTRACION DE EMPRESAS | J258: SEDE CHINCHA | K258: ASISTIÓ | L258: 7 | M258: =IF(L258="","",(L258/25)) -> 0.28 | N258: 3 | O258: =IF(N258="","",(N258/10)) -> 0.3 | P258: 20 | Q258: =IF(P258="","",(P258/35)) -> 0.57142857 | R258: 8 | S258: =IF(R258="","",(R258/30)) -> 0.26666667 | T258: =L258+N258+P258+R258 -> 38 | U258: =IF(T258="","",(T258/100)) -> 0.38 | V258: =IF(U258=0,"NO INGRESÓ","INGRESÓ") -> INGRESÓ | W258: PRESENCIAL | X258: 45745 | Y258: MARZO | Z258: =VLOOKUP(D258,Datos!$A$1:$C$256,3,FALSE) -> #N/A
A259: 6 | B259: =VLOOKUP(D259,Datos!$A$1:$H$256,4,FALSE) -> #N/A | C259: =VLOOKUP(D259,Datos!$A$1:$H$256,5,FALSE) -> #N/A | D259: 63307416 | E259: =VLOOKUP(D259,Datos!$A$1:$H$256,6,FALSE) -> #N/A | F259: =VLOOKUP(D259,Datos!$A$1:$H$256,7,FALSE) -> #N/A | G259: =VLOOKUP(D259,Datos!$A$1:$H$256,8,FALSE) -> #N/A | H259: C | I259: ADMINISTRACION DE EMPRESAS | J259: SEDE CHINCHA | K259: ASISTIÓ | L259: 9 | M259: =IF(L259="","",(L259/25)) -> 0.36 | N259: 3 | O259: =IF(N259="","",(N259/10)) -> 0.3 | P259: 20 | Q259: =IF(P259="","",(P259/35)) -> 0.57142857 | R259: 12 | S259: =IF(R259="","",(R259/30)) -> 0.4 | T259: =L259+N259+P259+R259 -> 44 | U259: =IF(T259="","",(T259/100)) -> 0.44 | V259: =IF(U259=0,"NO INGRESÓ","INGRESÓ") -> INGRESÓ | W259: PRESENCIAL | X259: 45745 | Y259: MARZO | Z259: =VLOOKUP(D259,Datos!$A$1:$C$256,3,FALSE) -> #N/A
A260: 7 | B260: =VLOOKUP(D260,Datos!$A$1:$H$256,4,FALSE) -> #N/A | C260: =VLOOKUP(D260,Datos!$A$1:$H$256,5,FALSE) -> #N/A | D260: 60493599 | E260: =VLOOKUP(D260,Datos!$A$1:$H$256,6,FALSE) -> #N/A | F260: =VLOOKUP(D260,Datos!$A$1:$H$256,7,FALSE) -> #N/A | G260: =VLOOKUP(D260,Datos!$A$1:$H$256,8,FALSE) -> #N/A | H260: C | I260: ADMINISTRACION DE EMPRESAS | J260: SEDE CHINCHA | K260: ASISTIÓ | L260: 11 | M260: =IF(L260="","",(L260/25)) -> 0.44 | N260: 4 | O260: =IF(N260="","",(N260/10)) -> 0.4 | P260: 14 | Q260: =IF(P260="","",(P260/35)) -> 0.4 | R260: 11 | S260: =IF(R260="","",(R260/30)) -> 0.36666667 | T260: =L260+N260+P260+R260 -> 40 | U260: =IF(T260="","",(T260/100)) -> 0.4 | V260: =IF(U260=0,"NO INGRESÓ","INGRESÓ") -> INGRESÓ | W260: PRESENCIAL | X260: 45745 | Y260: MARZO | Z260: =VLOOKUP(D260,Datos!$A$1:$C$256,3,FALSE) -> #N/A
A261: 8 | B261: =VLOOKUP(D261,Datos!$A$1:$H$256,4,FALSE) -> #N/A | C261: =VLOOKUP(D261,Datos!$A$1:$H$256,5,FALSE) -> #N/A | D261: 61205884 | E261: =VLOOKUP(D261,Datos!$A$1:$H$256,6,FALSE) -> #N/A | F261: =VLOOKUP(D261,Datos!$A$1:$H$256,7,FALSE) -> #N/A | G261: =VLOOKUP(D261,Datos!$A$1:$H$256,8,FALSE) -> #N/A | H261: C | I261: ADMINISTRACION DE EMPRESAS | J261: SEDE CHINCHA | K261: ASISTIÓ | L261: 6 | M261: =IF(L261="","",(L261/25)) -> 0.24 | N261: 2 | O261: =IF(N261="","",(N261/10)) -> 0.2 | P261: 9 | Q261: =IF(P261="","",(P261/35)) -> 0.25714286 | R261: 9 | S261: =IF(R261="","",(R261/30)) -> 0.3 | T261: =L261+N261+P261+R261 -> 26 | U261: =IF(T261="","",(T261/100)) -> 0.26 | V261: =IF(U261=0,"NO INGRESÓ","INGRESÓ") -> INGRESÓ | W261: PRESENCIAL | X261: 45745 | Y261: MARZO | Z261: =VLOOKUP(D261,Datos!$A$1:$C$256,3,FALSE) -> #N/A
A262: 9 | B262: =VLOOKUP(D262,Datos!$A$1:$H$256,4,FALSE) -> #N/A | C262: =VLOOKUP(D262,Datos!$A$1:$H$256,5,FALSE) -> #N/A | D262: 48627421 | E262: =VLOOKUP(D262,Datos!$A$1:$H$256,6,FALSE) -> #N/A | F262: =VLOOKUP(D262,Datos!$A$1:$H$256,7,FALSE) -> #N/A | G262: =VLOOKUP(D262,Datos!$A$1:$H$256,8,FALSE) -> #N/A | H262: C | I262: ADMINISTRACION DE EMPRESAS | J262: SEDE CHINCHA | K262: ASISTIÓ | L262: 7 | M262: =IF(L262="","",(L262/25)) -> 0.28 | N262: 4 | O262: =IF(N262="","",(N262/10)) -> 0.4 | P262: 13 | Q262: =IF(P262="","",(P262/35)) -> 0.37142857 | R262: 14 | S262: =IF(R262="","",(R262/30)) -> 0.46666667 | T262: =L262+N262+P262+R262 -> 38 | U262: =IF(T262="","",(T262/100)) -> 0.38 | V262: =IF(U262=0,"NO INGRESÓ","INGRESÓ") -> INGRESÓ | W262: PRESENCIAL | X262: 45745 | Y262: MARZO | Z262: =VLOOKUP(D262,Datos!$A$1:$C$256,3,FALSE) -> #N/A
A263: 10 | B263: =VLOOKUP(D263,Datos!$A$1:$H$256,4,FALSE) -> #N/A | C263: =VLOOKUP(D263,Datos!$A$1:$H$256,5,FALSE) -> #N/A | D263: 61060244 | E263: =VLOOKUP(D263,Datos!$A$1:$H$256,6,FALSE) -> #N/A | F263: =VLOOKUP(D263,Datos!$A$1:$H$256,7,FALSE) -> #N/A | G263: =VLOOKUP(D263,Datos!$A$1:$H$256,8,FALSE) -> #N/A | H263: C | I263: ADMINISTRACION DE EMPRESAS | J263: SEDE CHINCHA | K263: ASISTIÓ | L263: 11 | M263: =IF(L263="","",(L263/25)) -> 0.44 | N263: 3 | O263: =IF(N263="","",(N263/10)) -> 0.3 | P263: 20 | Q263: =IF(P263="","",(P263/35)) -> 0.57142857 | R263: 10 | S263: =IF(R263="","",(R263/30)) -> 0.33333333 | T263: =L263+N263+P263+R263 -> 44 | U263: =IF(T263="","",(T263/100)) -> 0.44 | V263: =IF(U263=0,"NO INGRESÓ","INGRESÓ") -> INGRESÓ | W263: PRESENCIAL | X263: 45745 | Y263: MARZO | Z263: =VLOOKUP(D263,Datos!$A$1:$C$256,3,FALSE) -> #N/A
A264: 11 | B264: =VLOOKUP(D264,Datos!$A$1:$H$256,4,FALSE) -> #N/A | C264: =VLOOKUP(D264,Datos!$A$1:$H$256,5,FALSE) -> #N/A | D264: 1347738 | E264: =VLOOKUP(D264,Datos!$A$1:$H$256,6,FALSE) -> #N/A | F264: =VLOOKUP(D264,Datos!$A$1:$H$256,7,FALSE) -> #N/A | G264: =VLOOKUP(D264,Datos!$A$1:$H$256,8,FALSE) -> #N/A | H264: C | I264: ADMINISTRACION DE EMPRESAS | J264: SEDE CHINCHA | K264: ASISTIÓ | L264: 7 | M264: =IF(L264="","",(L264/25)) -> 0.28 | N264: 2 | O264: =IF(N264="","",(N264/10)) -> 0.2 | P264: 18 | Q264: =IF(P264="","",(P264/35)) -> 0.51428571 | R264: 11 | S264: =IF(R264="","",(R264/30)) -> 0.36666667 | T264: =L264+N264+P264+R264 -> 38 | U264: =IF(T264="","",(T264/100)) -> 0.38 | V264: =IF(U264=0,"NO INGRESÓ","INGRESÓ") -> INGRESÓ | W264: PRESENCIAL | X264: 45745 | Y264: MARZO | Z264: =VLOOKUP(D264,Datos!$A$1:$C$256,3,FALSE) -> #N/A
A265: 12 | B265: =VLOOKUP(D265,Datos!$A$1:$H$256,4,FALSE) -> #N/A | C265: =VLOOKUP(D265,Datos!$A$1:$H$256,5,FALSE) -> #N/A | D265: 71280877 | E265: =VLOOKUP(D265,Datos!$A$1:$H$256,6,FALSE) -> #N/A | F265: =VLOOKUP(D265,Datos!$A$1:$H$256,7,FALSE) -> #N/A | G265: =VLOOKUP(D265,Datos!$A$1:$H$256,8,FALSE) -> #N/A | H265: C | I265: ADMINISTRACION DE EMPRESAS | J265: SEDE CHINCHA | K265: ASISTIÓ | L265: 9 | M265: =IF(L265="","",(L265/25)) -> 0.36 | N265: 2 | O265: =IF(N265="","",(N265/10)) -> 0.2 | P265: 17 | Q265: =IF(P265="","",(P265/35)) -> 0.48571429 | R265: 10 | S265: =IF(R265="","",(R265/30)) -> 0.33333333 | T265: =L265+N265+P265+R265 -> 38 | U265: =IF(T265="","",(T265/100)) -> 0.38 | V265: =IF(U265=0,"NO INGRESÓ","INGRESÓ") -> INGRESÓ | W265: PRESENCIAL | X265: 45745 | Y265: MARZO | Z265: =VLOOKUP(D265,Datos!$A$1:$C$256,3,FALSE) -> #N/A
... A278: 25 | B278: =VLOOKUP(D278,Datos!$A$1:$H$256,4,FALSE) -> #N/A | C278: =VLOOKUP(D278,Datos!$A$1:$H$256,5,FALSE) -> #N/A | D278: 75795322 | E278: =VLOOKUP(D278,Datos!$A$1:$H$256,6,FALSE) -> #N/A | F278: =VLOOKUP(D278,Datos!$A$1:$H$256,7,FALSE) -> #N/A | G278: =VLOOKUP(D278,Datos!$A$1:$H$256,8,FALSE) -> #N/A | H278: C | I278: ADMINISTRACION DE EMPRESAS | J278: SEDE CHINCHA | K278: ASISTIÓ | L278: 11 | M278: =IF(L278="","",(L278/25)) -> 0.44 | N278: 5 | O278: =IF(N278="","",(N278/10)) -> 0.5 | P278: 19 | Q278: =IF(P278="","",(P278/35)) -> 0.54285714 | R278: 13 | S278: =IF(R278="","",(R278/30)) -> 0.43333333 | T278: =L278+N278+P278+R278 -> 48 | U278: =IF(T278="","",(T278/100)) -> 0.48 | V278: =IF(U278=0,"NO INGRESÓ","INGRESÓ") -> INGRESÓ | W278: PRESENCIAL | X278: 45745 | Y278: MARZO | Z278: =VLOOKUP(D278,Datos!$A$1:$C$256,3,FALSE) -> #N/A

Sheet Consolidado_Ica
A5: N° | B5: Apellidos | C5: Nombre | D5: DNI | E5: Código | F5: CARRERA | G5: SEDE DE ESTUDIO | H5: ASISTENCIA | I5: COMUNICACION | J5: % | K5: H. COMUNICATIVAS | L5: % | M5: MATEMATICA | N5: % | O5: CTA | P5: % | Q5: TOTAL | R5: %
I6: (25 Pts) | K6: (10 Pts) | M6: (50 Pts) | O6: (15 Pts) | Q6: (100 Pts)
A7: 1 | B7: GUTIRREZ JURADO | C7: LUIS ISAI | D7: 75054959 | F7: INGENIERIA CIVIL | G7: Filia Ica | I7: 6 | J7: =IF(I7="","",(I7/25)) -> 0.24 | K7: 8 | L7: =IF(K7="","",(K7/10)) -> 0.8 | M7: 14 | N7: =IF(M7="","",(M7/50)) -> 0.28 | O7: 9 | P7: =IF(O7="","",(O7/15)) -> 0.6 | Q7: =SUM(I7,K7,M7,O7) -> 37 | R7: =IF(Q7="","",(Q7/100)) -> 0.37
A8: 2 | B8: LUIS FERNANDO | C8: CASTAÑEDA FRANCO | D8: 71717000 | F8: INGENIERIA CIVIL | G8: Filia Ica | I8: 15 | J8: =IF(I8="","",(I8/25)) -> 0.6 | K8: 10 | L8: =IF(K8="","",(K8/10)) -> 1 | M8: 33 | N8: =IF(M8="","",(M8/50)) -> 0.66 | O8: 13 | P8: =IF(O8="","",(O8/15)) -> 0.86666667 | Q8: =SUM(I8,K8,M8,O8) -> 71 | R8: =IF(Q8="","",(Q8/100)) -> 0.71
A10: N° | B10: Apellidos | C10: Nombre | D10: DNI | E10: Código | F10: CARRERA | G10: SEDE DE ESTUDIO | H10: ASISTENCIA | I10: COMUNICACION | J10: % | K10: H. COMUNICATIVAS | L10: % | M10: MATEMATICA | N10: % | O10: CTA | P10: % | Q10: TOTAL | R10: %
I11: (25 Pts) | K11: (10 Pts) | M11: (35 Pts) | O11: (30 Pts) | Q11: (100 Pts)
A12: 1 | B12: SANDOVAL ROJAS DE APARCANA | C12: MAYRA YAMILETH | D12: 46161161 | F12: ENFERMERIA | G12: Filia Ica | I12: 4 | J12: =IF(I12="","",(I12/25)) -> 0.16 | K12: 5 | L12: =IF(K12="","",(K12/10)) -> 0.5 | M12: 9 | N12: =IF(M12="","",(M12/35)) -> 0.25714286 | O12: 5 | P12: =IF(O12="","",(O12/30)) -> 0.16666667 | Q12: =SUM(I12,K12,M12,O12) -> 23 | R12: =IF(Q12="","",(Q12/100)) -> 0.23
A13: 2 | B13: HUAYTALLA MARTINEZ | C13: NAYELY ROSALY | D13: 60474480 | F13: ENFERMERIA | G13: Filia Ica | I13: 5 | J13: =IF(I13="","",(I13/25)) -> 0.2 | K13: 10 | L13: =IF(K13="","",(K13/10)) -> 1 | M13: 8 | N13: =IF(M13="","",(M13/35)) -> 0.22857143 | O13: 3 | P13: =IF(O13="","",(O13/30)) -> 0.1 | Q13: =SUM(I13,K13,M13,O13) -> 26 | R13: =IF(Q13="","",(Q13/100)) -> 0.26
A14: 3 | B14: GUTIERREZ JURADO | C14: MARYURI ELISABETH | D14: 75054960 | F14: ENFERMERIA | G14: Filia Ica | I14: 5 | J14: =IF(I14="","",(I14/25)) -> 0.2 | K14: 8 | L14: =IF(K14="","",(K14/10)) -> 0.8 | M14: 9 | N14: =IF(M14="","",(M14/35)) -> 0.25714286 | O14: 8 | P14: =IF(O14="","",(O14/30)) -> 0.26666667 | Q14: =SUM(I14,K14,M14,O14) -> 30 | R14: =IF(Q14="","",(Q14/100)) -> 0.3
A15: 4 | B15: HUAMAN FLORES | C15: JARIL CAROLINA | D15: 60971179 | F15: ENFERMERIA | G15: Filia Ica | I15: 3 | J15: =IF(I15="","",(I15/25)) -> 0.12 | K15: 8 | L15: =IF(K15="","",(K15/10)) -> 0.8 | M15: 10 | N15: =IF(M15="","",(M15/35)) -> 0.28571429 | O15: 3 | P15: =IF(O15="","",(O15/30)) -> 0.1 | Q15: =SUM(I15,K15,M15,O15) -> 24 | R15: =IF(Q15="","",(Q15/100)) -> 0.24
A16: 5 | B16: LOBOS ORMEÑO | C16: ALEXANDRA FLOR DE MARIA | D16: 61922069 | F16: ENFERMERIA | G16: Filia Ica | I16: 9 | J16: =IF(I16="","",(I16/25)) -> 0.36 | K16: 10 | L16: =IF(K16="","",(K16/10)) -> 1 | M16: 7 | N16: =IF(M16="","",(M16/35)) -> 0.2 | O16: 8 | P16: =IF(O16="","",(O16/30)) -> 0.26666667 | Q16: =SUM(I16,K16,M16,O16) -> 34 | R16: =IF(Q16="","",(Q16/100)) -> 0.34
A17: 6 | B17: LUDEÑA ASTOCAZA | C17: NAYELI ESTEFANI | D17: 61281161 | F17: ENFERMERIA | G17: Filia Ica | I17: 7 | J17: =IF(I17="","",(I17/25)) -> 0.28 | K17: 8 | L17: =IF(K17="","",(K17/10)) -> 0.8 | M17: 9 | N17: =IF(M17="","",(M17/35)) -> 0.25714286 | O17: 8 | P17: =IF(O17="","",(O17/30)) -> 0.26666667 | Q17: =SUM(I17,K17,M17,O17) -> 32 | R17: =IF(Q17="","",(Q17/100)) -> 0.32
A18: 7 | B18: CABRERA CRUZ | C18: FRIDA ELIZABETH | D18: 72350542 | F18: ENFERMERIA | G18: Filia Ica | I18: 8 | J18: =IF(I18="","",(I18/25)) -> 0.32 | K18: 6 | L18: =IF(K18="","",(K18/10)) -> 0.6 | M18: 12 | N18: =IF(M18="","",(M18/35)) -> 0.34285714 | O18: 7 | P18: =IF(O18="","",(O18/30)) -> 0.23333333 | Q18: =SUM(I18,K18,M18,O18) -> 33 | R18: =IF(Q18="","",(Q18/100)) -> 0.33
A19: 8 | B19: LOBO ESPINO | C19: VALERY MIDORY | D19: 61086522 | F19: OBSTETRICIA | G19: Filia Ica | I19: 7 | J19: =IF(I19="","",(I19/25)) -> 0.28 | K19: 10 | L19: =IF(K19="","",(K19/10)) -> 1 | M19: 19 | N19: =IF(M19="","",(M19/35)) -> 0.54285714 | O19: 8 | P19: =IF(O19="","",(O19/30)) -> 0.26666667 | Q19: =SUM(I19,K19,M19,O19) -> 44 | R19: =IF(Q19="","",(Q19/100)) -> 0.44
A21: N° | B21: Apellidos | C21: Nombre | D21: DNI | E21: Código | F21: CARRERA | G21: SEDE DE ESTUDIO | H21: ASISTENCIA | I21: COMUNICACION | J21: % | K21: H. COMUNICATIVAS | L21: % | M21: MATEMATICA | N21: % | O21: CCSS | P21: % | Q21: TOTAL | R21: %
I22: (25 Pts) | K22: (10 Pts) | M22: (35 Pts) | O22: (30 Pts) | Q22: (100 Pts)
A23: 1 | B23: SARMIENTO FLORES | C23: BELGICA ROXANA | D23: 44085224 | F23: DERECHO | G23: Filia Ica | I23: 11 | J23: =IF(I23="","",(I23/25)) -> 0.44 | K23: 8 | L23: =IF(K23="","",(K23/10)) -> 0.8 | M23: 8 | N23: =IF(M23="","",(M23/35)) -> 0.22857143 | O23: 5 | P23: =IF(O23="","",(O23/30)) -> 0.16666667 | Q23: =SUM(I23,K23,M23,O23) -> 32 | R23: =IF(Q23="","",(Q23/100)) -> 0.32
A24: 2 | B24: VARGAS VALLE | C24: JUAN CLIMACO | D24: 21467253 | F24: DERECHO | G24: Filia Ica | I24: 2 | J24: =IF(I24="","",(I24/25)) -> 0.08 | K24: 2 | L24: =IF(K24="","",(K24/10)) -> 0.2 | M24: 6 | N24: =IF(M24="","",(M24/35)) -> 0.17142857 | O24: 4 | P24: =IF(O24="","",(O24/30)) -> 0.13333333 | Q24: =SUM(I24,K24,M24,O24) -> 14 | R24: =IF(Q24="","",(Q24/100)) -> 0.14

Sheet Acta_Final_Ica
A1: N° | B1: Apellidos | C1: Nombre | D1: DNI | E1: Código | F1: CARRERA | G1: ÁREA | H1: SEDE DE ESTUDIO | I1: ASISTENCIA | J1: COMUNICACION | K1: % | L1: H. COMUNICATIVAS | M1: % | N1: MATEMATICA | O1: % | P1: CTA | Q1: % | R1: TOTAL | S1: %
A2: 1 | B2: GUTIRREZ JURADO | C2: CASTAÑEDA FRANCO | D2: 71717000 | F2: INGENIERIA CIVIL | G2: A | H2: Filia Ica | J2: 15 | K2: =IF(J2="","",(J2/25)) -> 0.6 | L2: 10 | M2: =IF(L2="","",(L2/10)) -> 1 | N2: 24 | O2: =IF(N2="","",(N2/50)) -> 0.48 | P2: 15 | Q2: =IF(P2="","",(P2/15)) -> 1 | R2: =SUM(J2,L2,N2,P2) -> 64 | S2: =IF(R2="","",(R2/100)) -> 0.64
A3: 2 | B3: LUIS FERNANDO | C3: LUIS ISAI | D3: 75054959 | F3: INGENIERIA CIVIL | G3: A | H3: Filia Ica | J3: 6 | K3: =IF(J3="","",(J3/25)) -> 0.24 | L3: 8 | M3: =IF(L3="","",(L3/10)) -> 0.8 | N3: 6 | O3: =IF(N3="","",(N3/50)) -> 0.12 | P3: 10 | Q3: =IF(P3="","",(P3/15)) -> 0.66666667 | R3: =SUM(J3,L3,N3,P3) -> 30 | S3: =IF(R3="","",(R3/100)) -> 0.3
A4: 1 | B4: SANDOVAL ROJAS DE APARCANA | C4: ALEXANDRA FLOR DE MARIA | D4: 61922069 | F4: ENFERMERIA | G4: B | H4: Filia Ica | J4: 9 | K4: =IF(J4="","",(J4/25)) -> 0.36 | L4: 10 | M4: =IF(L4="","",(L4/10)) -> 1 | N4: 7 | O4: =IF(N4="","",(N4/35)) -> 0.2 | P4: 8 | Q4: =IF(P4="","",(P4/30)) -> 0.26666667 | R4: =SUM(J4,L4,N4,P4) -> 34 | S4: =IF(R4="","",(R4/100)) -> 0.34
A5: 2 | B5: HUAYTALLA MARTINEZ | C5: FRIDA ELIZABETH | D5: 72350542 | F5: ENFERMERIA | G5: B | H5: Filia Ica | J5: 8 | K5: =IF(J5="","",(J5/25)) -> 0.32 | L5: 6 | M5: =IF(L5="","",(L5/10)) -> 0.6 | N5: 12 | O5: =IF(N5="","",(N5/35)) -> 0.34285714 | P5: 7 | Q5: =IF(P5="","",(P5/30)) -> 0.23333333 | R5: =SUM(J5,L5,N5,P5) -> 33 | S5: =IF(R5="","",(R5/100)) -> 0.33
A6: 3 | B6: GUTIERREZ JURADO | C6: NAYELI ESTEFANI | D6: 61281161 | F6: ENFERMERIA | G6: B | H6: Filia Ica | J6: 7 | K6: =IF(J6="","",(J6/25)) -> 0.28 | L6: 8 | M6: =IF(L6="","",(L6/10)) -> 0.8 | N6: 9 | O6: =IF(N6="","",(N6/35)) -> 0.25714286 | P6: 8 | Q6: =IF(P6="","",(P6/30)) -> 0.26666667 | R6: =SUM(J6,L6,N6,P6) -> 32 | S6: =IF(R6="","",(R6/100)) -> 0.32
A7: 4 | B7: HUAMAN FLORES | C7: MARYURI ELISABETH | D7: 75054960 | F7: ENFERMERIA | G7: B | H7: Filia Ica | J7: 5 | K7: =IF(J7="","",(J7/25)) -> 0.2 | L7: 8 | M7: =IF(L7="","",(L7/10)) -> 0.8 | N7: 9 | O7: =IF(N7="","",(N7/35)) -> 0.25714286 | P7: 8 | Q7: =IF(P7="","",(P7/30)) -> 0.26666667 | R7: =SUM(J7,L7,N7,P7) -> 30 | S7: =IF(R7="","",(R7/100)) -> 0.3
A8: 5 | B8: LOBOS ORMEÑO | C8: NAYELY ROSALY | D8: 60474480 | F8: ENFERMERIA | G8: B | H8: Filia Ica | J8: 5 | K8: =IF(J8="","",(J8/25)) -> 0.2 | L8: 10 | M8: =IF(L8="","",(L8/10)) -> 1 | N8: 8 | O8: =IF(N8="","",(N8/35)) -> 0.22857143 | P8: 3 | Q8: =IF(P8="","",(P8/30)) -> 0.1 | R8: =SUM(J8,L8,N8,P8) -> 26 | S8: =IF(R8="","",(R8/100)) -> 0.26
A9: 6 | B9: LUDEÑA ASTOCAZA | C9: JARIL CAROLINA | D9: 60971179 | F9: ENFERMERIA | G9: B | H9: Filia Ica | J9: 3 | K9: =IF(J9="","",(J9/25)) -> 0.12 | L9: 8 | M9: =IF(L9="","",(L9/10)) -> 0.8 | N9: 10 | O9: =IF(N9="","",(N9/35)) -> 0.28571429 | P9: 3 | Q9: =IF(P9="","",(P9/30)) -> 0.1 | R9: =SUM(J9,L9,N9,P9) -> 24 | S9: =IF(R9="","",(R9/100)) -> 0.24
A10: 7 | B10: CABRERA CRUZ | C10: MAYRA YAMILETH | D10: 46161161 | F10: ENFERMERIA | G10: B | H10: Filia Ica | J10: 4 | K10: =IF(J10="","",(J10/25)) -> 0.16 | L10: 5 | M10: =IF(L10="","",(L10/10)) -> 0.5 | N10: 9 | O10: =IF(N10="","",(N10/35)) -> 0.25714286 | P10: 5 | Q10: =IF(P10="","",(P10/30)) -> 0.16666667 | R10: =SUM(J10,L10,N10,P10) -> 23 | S10: =IF(R10="","",(R10/100)) -> 0.23
A11: 8 | B11: LOBO ESPINO | C11: VALERY MIDORY | D11: 61086522 | F11: OBSTETRICIA | G11: B | H11: Filia Ica | J11: 7 | K11: =IF(J11="","",(J11/25)) -> 0.28 | L11: 10 | M11: =IF(L11="","",(L11/10)) -> 1 | N11: 19 | O11: =IF(N11="","",(N11/35)) -> 0.54285714 | P11: 8 | Q11: =IF(P11="","",(P11/30)) -> 0.26666667 | R11: =SUM(J11,L11,N11,P11) -> 44 | S11: =IF(R11="","",(R11/100)) -> 0.44
A12: 1 | B12: SARMIENTO FLORES | C12: BELGICA ROXANA | D12: 44085224 | F12: DERECHO | G12: C | H12: Filia Ica | J12: 11 | K12: =IF(J12="","",(J12/25)) -> 0.44 | L12: 8 | M12: =IF(L12="","",(L12/10)) -> 0.8 | N12: 8 | O12: =IF(N12="","",(N12/35)) -> 0.22857143 | P12: 5 | Q12: =IF(P12="","",(P12/30)) -> 0.16666667 | R12: =SUM(J12,L12,N12,P12) -> 32 | S12: =IF(R12="","",(R12/100)) -> 0.32
A13: 2 | B13: VARGAS VALLE | C13: JUAN CLIMACO | D13: 21467253 | F13: DERECHO | G13: C | H13: Filia Ica | J13: 2 | K13: =IF(J13="","",(J13/25)) -> 0.08 | L13: 2 | M13: =IF(L13="","",(L13/10)) -> 0.2 | N13: 6 | O13: =IF(N13="","",(N13/35)) -> 0.17142857 | P13: 4 | Q13: =IF(P13="","",(P13/30)) -> 0.13333333 | R13: =SUM(J13,L13,N13,P13) -> 14 | S13: =IF(R13="","",(R13/100)) -> 0.14

Sheet Hoja1
A1: INGENIERIA CIVIL | B1: 75054959 | C1: Filia Ica | D1: GUTIRREZ JURADO | E1: LUIS ISAI | F1: A | G1: 1 | H1: 0 | I1: 1 | J1: 1 | K1: 0 | L1: 1 | M1: 0 | N1: 0 | O1: 0 | P1: 1 | Q1: 1 | R1: 0 | S1: 0 | T1: 0 | U1: 0 | V1: 0 | W1: 0 | X1: 0 | Y1: 0 | Z1: 0 | AA1: 0 | AB1: 0 | AC1: 0 | AD1: 0 | AE1: 0 | AF1: 1 | AG1: 1 | AH1: 1 | AI1: 1 | AJ1: 0 | AK1: 1 | AL1: 1 | AM1: 0 | AN1: 1 | AO1: 1 | AP1: 1 | AQ1: 0 | AR1: 1 | AS1: 0 | AT1: 1 | AU1: 0 | AV1: 0 | AW1: 1 | AX1: 0 | AY1: 0 | AZ1: 0 | BA1: 0 | BB1: 0 | BC1: 0 | BD1: 1 | BE1: 0 | BF1: 0 | BG1: 0 | BH1: 0 | BI1: 0 | BJ1: 0 | BK1: 0 | BL1: 0 | BM1: 1 | BN1: 0 | BO1: 0 | BP1: 0 | BQ1: 1 | BR1: 1 | BS1: 0 | BT1: 0 | BU1: 0 | BV1: 0 | BW1: 1 | BX1: 0 | BY1: 1 | BZ1: 0 | CA1: 0 | CB1: 0 | CC1: 1 | CD1: 1 | CE1: 0 | CF1: 0 | CG1: 1 | CH1: 0 | CI1: 0 | CJ1: 0 | CK1: 1 | CL1: 0 | CM1: 0 | CN1: 0 | CO1: 1 | CP1: 1 | CQ1: 0 | CR1: 0 | CS1: 0 | CT1: 0 | CU1: 0 | CV1: 0 | CW1: 1 | CX1: 0 | CY1: 0 | CZ1: 1 | DA1: 0 | DB1: 0 | DC1: =SUM(G1:AE1) -> 6 | DD1: =SUM(AF1:AO1) -> 8 | DE1: =SUM(AP1:CM1) -> 14 | DF1: =SUM(BY1:DB1) -> 9
A2: INGENIERIA CIVIL | B2: 71717000 | C2: Filia Ica | D2: LUIS FERNANDO | E2: CASTAï¿½EDA FRANCO | F2: A | G2: 1 | H2: 0 | I2: 1 | J2: 1 | K2: 1 | L2: 1 | M2: 1 | N2: 1 | O2: 1 | P2: 0 | Q2: 0 | R2: 1 | S2: 1 | T2: 0 | U2: 1 | V2: 0 | W2: 0 | X2: 0 | Y2: 1 | Z2: 1 | AA2: 0 | AB2: 1 | AC2: 0 | AD2: 1 | AE2: 0 | AF2: 1 | AG2: 1 | AH2: 1 | AI2: 1 | AJ2: 1 | AK2: 1 | AL2: 1 | AM2: 1 | AN2: 1 | AO2: 1 | AP2: 1 | AQ2: 1 | AR2: 1 | AS2: 1 | AT2: 1 | AU2: 1 | AV2: 0 | AW2: 0 | AX2: 1 | AY2: 1 | AZ2: 0 | BA2: 1 | BB2: 1 | BC2: 0 | BD2: 1 | BE2: 1 | BF2: 1 | BG2: 1 | BH2: 1 | BI2: 1 | BJ2: 1 | BK2: 1 | BL2: 1 | BM2: 1 | BN2: 1 | BO2: 1 | BP2: 1 | BQ2: 0 | BR2: 1 | BS2: 0 | BT2: 1 | BU2: 0 | BV2: 0 | BW2: 0 | BX2: 1 | BY2: 1 | BZ2: 0 | CA2: 1 | CB2: 0 | CC2: 0 | CD2: 0 | CE2: 1 | CF2: 0 | CG2: 0 | CH2: 1 | CI2: 1 | CJ2: 1 | CK2: 1 | CL2: 0 | CM2: 0 | CN2: 1 | CO2: 1 | CP2: 1 | CQ2: 0 | CR2: 0 | CS2: 0 | CT2: 0 | CU2: 0 | CV2: 1 | CW2: 0 | CX2: 1 | CY2: 1 | CZ2: 0 | DA2: 0 | DB2: 0 | DC2: =SUM(G2:AE2) -> 15 | DD2: =SUM(AF2:AO2) -> 10 | DE2: =SUM(AP2:CM2) -> 33 | DF2: =SUM(BY2:DB2) -> 13
A3: DERECHO | B3: 44085224 | C3: FILIAL ICA | D3: BELGICA ROXANA | E3: SARMIENTO FLORES | F3: C | G3: 1 | H3: 1 | I3: 0 | J3: 1 | K3: 1 | L3: 1 | M3: 0 | N3: 0 | O3: 1 | P3: 0 | Q3: 0 | R3: 1 | S3: 1 | T3: 0 | U3: 0 | V3: 0 | W3: 0 | X3: 0 | Y3: 0 | Z3: 0 | AA3: 0 | AB3: 1 | AC3: 0 | AD3: 0 | AE3: 0 | AF3: 0 | AG3: 0 | AH3: 0 | AI3: 0 | AJ3: 0 | AK3: 0 | AL3: 1 | AM3: 1 | AN3: 0 | AO3: 0 | AP3: 1 | AQ3: 1 | AR3: 1 | AS3: 1 | AT3: 0 | AU3: 1 | AV3: 1 | AW3: 0 | AX3: 1 | AY3: 1 | AZ3: 1 | BA3: 0 | BB3: 0 | BC3: 0 | BD3: 1 | BE3: 0 | BF3: 0 | BG3: 0 | BH3: 0 | BI3: 0 | BJ3: 0 | BK3: 1 | BL3: 1 | BM3: 0 | BN3: 1 | BO3: 1 | BP3: 0 | BQ3: 0 | BR3: 1 | BS3: 0 | BT3: 0 | BU3: 0 | BV3: 0 | BW3: 0 | BX3: 0 | BY3: 0 | BZ3: 0 | CA3: 0 | CB3: 1 | CC3: 0 | CD3: 0 | CE3: 0 | CF3: 0 | CG3: 0 | CH3: 0 | CI3: 0 | CJ3: 1 | CK3: 1 | CL3: 0 | CM3: 0 | CN3: 0 | CO3: 0 | CP3: 1 | CQ3: 0 | CR3: 0 | CS3: 0 | CT3: 0 | CU3: 0 | CV3: 0 | CW3: 0 | CX3: 0 | CY3: 0 | CZ3: 1 | DA3: 1 | DB3: 0 | DC3: =SUM(G3:AO3) -> 11 | DD3: =SUM(AP3:AY3) -> 8 | DE3: =SUM(AZ3:CC3) -> 8 | DF3: =SUM(CD3:DB3) -> 5
A4: DERECHO | B4: 21467253 | C4: FILIAL ICA | D4: JUAN CLIMACO | E4: VARGAS VALLE | F4: C | G4: 1 | H4: 0 | I4: 0 | J4: 0 | K4: 0 | L4: 0 | M4: 0 | N4: 0 | O4: 0 | P4: 0 | Q4: 0 | R4: 0 | S4: 0 | T4: 0 | U4: 0 | V4: 0 | W4: 0 | X4: 0 | Y4: 1 | Z4: 0 | AA4: 0 | AB4: 0 | AC4: 0 | AD4: 0 | AE4: 0 | AF4: 0 | AG4: 0 | AH4: 0 | AI4: 0 | AJ4: 0 | AK4: 0 | AL4: 0 | AM4: 0 | AN4: 0 | AO4: 0 | AP4: 0 | AQ4: 0 | AR4: 0 | AS4: 1 | AT4: 0 | AU4: 0 | AV4: 1 | AW4: 0 | AX4: 0 | AY4: 0 | AZ4: 1 | BA4: 0 | BB4: 1 | BC4: 0 | BD4: 0 | BE4: 0 | BF4: 1 | BG4: 0 | BH4: 0 | BI4: 1 | BJ4: 1 | BK4: 1 | BL4: 0 | BM4: 0 | BN4: 0 | BO4: 0 | BP4: 0 | BQ4: 0 | BR4: 0 | BS4: 0 | BT4: 0 | BU4: 0 | BV4: 0 | BW4: 0 | BX4: 0 | BY4: 0 | BZ4: 0 | CA4: 0 | CB4: 0 | CC4: 0 | CD4: 1 | CE4: 0 | CF4: 0 | CG4: 0 | CH4: 1 | CI4: 0 | CJ4: 0 | CK4: 0 | CL4: 0 | CM4: 1 | CN4: 0 | CO4: 0 | CP4: 0 | CQ4: 0 | CR4: 0 | CS4: 1 | CT4: 0 | CU4: 0 | CV4: 0 | CW4: 0 | CX4: 0 | CY4: 0 | CZ4: 0 | DA4: 0 | DB4: 0 | DC4: =SUM(G4:AO4) -> 2 | DD4: =SUM(AP4:AY4) -> 2 | DE4: =SUM(AZ4:CC4) -> 6 | DF4: =SUM(CD4:DB4) -> 4
A5: ENFERMERIA | B5: 46161161 | C5: FILIAL ICA | D5: MAYRA YAMILETH | E5: SANDOVAL ROJAS DE APARCANA | F5: B | G5: 0 | H5: 1 | I5: 0 | J5: 1 | K5: 0 | L5: 0 | M5: 0 | N5: 1 | O5: 0 | P5: 0 | Q5: 0 | R5: 0 | S5: 0 | T5: 0 | U5: 0 | V5: 0 | W5: 0 | X5: 0 | Y5: 0 | Z5: 0 | AA5: 0 | AB5: 0 | AC5: 1 | AD5: 0 | AE5: 0 | AF5: 0 | AG5: 1 | AH5: 0 | AI5: 1 | AJ5: 1 | AK5: 1 | AL5: 1 | AM5: 0 | AN5: 0 | AO5: 0 | AP5: 1 | AQ5: 0 | AR5: 1 | AS5: 0 | AT5: 0 | AU5: 0 | AV5: 0 | AW5: 1 | AX5: 1 | AY5: 0 | AZ5: 0 | BA5: 0 | BB5: 0 | BC5: 1 | BD5: 1 | BE5: 0 | BF5: 0 | BG5: 1 | BH5: 0 | BI5: 0 | BJ5: 0 | BK5: 0 | BL5: 0 | BM5: 0 | BN5: 0 | BO5: 0 | BP5: 0 | BQ5: 0 | BR5: 0 | BS5: 0 | BT5: 0 | BU5: 1 | BV5: 1 | BW5: 0 | BX5: 0 | BY5: 0 | BZ5: 0 | CA5: 1 | CB5: 1 | CC5: 0 | CD5: 0 | CE5: 0 | CF5: 1 | CG5: 0 | CH5: 0 | CI5: 0 | CJ5: 0 | CK5: 0 | CL5: 0 | CM5: 0 | CN5: 0 | CO5: 0 | CP5: 0 | CQ5: 0 | CR5: 0 | CS5: 0 | CT5: 0 | CU5: 0 | CV5: 1 | CW5: 0 | CX5: 0 | CY5: 0 | CZ5: 1 | DA5: 0 | DB5: 0 | DC5: =SUM(G5:AE5) -> 4 | DD5: =SUM(AF5:AO5) -> 5 | DE5: =SUM(AP5:BX5) -> 9 | DF5: =SUM(BY5:DB5) -> 5
A6: ENFERMERIA | B6: 60474480 | C6: FILIAL ICA | D6: NAYELY ROSALY | E6: HUAYTALLA MARTINEZ | F6: B | G6: 0 | H6: 0 | I6: 0 | J6: 0 | K6: 1 | L6: 0 | M6: 0 | N6: 1 | O6: 0 | P6: 0 | Q6: 0 | R6: 0 | S6: 0 | T6: 1 | U6: 0 | V6: 0 | W6: 0 | X6: 0 | Y6: 0 | Z6: 1 | AA6: 0 | AB6: 0 | AC6: 0 | AD6: 0 | AE6: 1 | AF6: 1 | AG6: 1 | AH6: 1 | AI6: 1 | AJ6: 1 | AK6: 1 | AL6: 1 | AM6: 1 | AN6: 1 | AO6: 1 | AP6: 1 | AQ6: 1 | AR6: 1 | AS6: 0 | AT6: 0 | AU6: 0 | AV6: 1 | AW6: 0 | AX6: 0 | AY6: 0 | AZ6: 0 | BA6: 0 | BB6: 1 | BC6: 0 | BD6: 0 | BE6: 0 | BF6: 0 | BG6: 0 | BH6: 0 | BI6: 1 | BJ6: 0 | BK6: 1 | BL6: 0 | BM6: 0 | BN6: 0 | BO6: 0 | BP6: 0 | BQ6: 0 | BR6: 0 | BS6: 0 | BT6: 0 | BU6: 0 | BV6: 0 | BW6: 1 | BX6: 0 | BY6: 0 | BZ6: 0 | CA6: 0 | CB6: 0 | CC6: 0 | CD6: 1 | CE6: 0 | CF6: 0 | CG6: 0 | CH6: 0 | CI6: 0 | CJ6: 0 | CK6: 0 | CL6: 0 | CM6: 0 | CN6: 0 | CO6: 0 | CP6: 0 | CQ6: 1 | CR6: 0 | CS6: 0 | CT6: 0 | CU6: 0 | CV6: 0 | CW6: 1 | CX6: 0 | CY6: 0 | CZ6: 0 | DA6: 0 | DB6: 0 | DC6: =SUM(G6:AE6) -> 5 | DD6: =SUM(AF6:AO6) -> 10 | DE6: =SUM(AP6:BX6) -> 8 | DF6: =SUM(BY6:DB6) -> 3
A7: ENFERMERIA | B7: 75054960 | C7: FILIAL ICA | D7: MARYURI ELISABETH | E7: GUTIERREZ JURADO | F7: B | G7: 0 | H7: 0 | I7: 0 | J7: 0 | K7: 0 | L7: 0 | M7: 0 | N7: 0 | O7: 1 | P7: 0 | Q7: 1 | R7: 0 | S7: 0 | T7: 1 | U7: 0 | V7: 0 | W7: 0 | X7: 0 | Y7: 0 | Z7: 0 | AA7: 1 | AB7: 1 | AC7: 0 | AD7: 0 | AE7: 0 | AF7: 1 | AG7: 1 | AH7: 1 | AI7: 1 | AJ7: 1 | AK7: 1 | AL7: 1 | AM7: 0 | AN7: 1 | AO7: 0 | AP7: 1 | AQ7: 0 | AR7: 1 | AS7: 0 | AT7: 1 | AU7: 0 | AV7: 1 | AW7: 0 | AX7: 0 | AY7: 0 | AZ7: 1 | BA7: 0 | BB7: 0 | BC7: 0 | BD7: 1 | BE7: 1 | BF7: 0 | BG7: 0 | BH7: 0 | BI7: 0 | BJ7: 0 | BK7: 0 | BL7: 0 | BM7: 0 | BN7: 1 | BO7: 0 | BP7: 0 | BQ7: 0 | BR7: 0 | BS7: 0 | BT7: 0 | BU7: 1 | BV7: 0 | BW7: 0 | BX7: 0 | BY7: 0 | BZ7: 1 | CA7: 0 | CB7: 0 | CC7: 1 | CD7: 0 | CE7: 1 | CF7: 0 | CG7: 0 | CH7: 0 | CI7: 1 | CJ7: 0 | CK7: 0 | CL7: 1 | CM7: 0 | CN7: 0 | CO7: 0 | CP7: 1 | CQ7: 0 | CR7: 1 | CS7: 0 | CT7: 0 | CU7: 0 | CV7: 0 | CW7: 0 | CX7: 0 | CY7: 0 | CZ7: 0 | DA7: 0 | DB7: 1 | DC7: =SUM(G7:AE7) -> 5 | DD7: =SUM(AF7:AO7) -> 8 | DE7: =SUM(AP7:BX7) -> 9 | DF7: =SUM(BY7:DB7) -> 8
A8: ENFERMERIA | B8: 60971179 | C8: FILIAL ICA | D8: JARIL CAROLINA | E8: HUAMAN FLORES | F8: B | G8: 1 | H8: 0 | I8: 1 | J8: 0 | K8: 0 | L8: 0 | M8: 0 | N8: 0 | O8: 0 | P8: 0 | Q8: 0 | R8: 0 | S8: 0 | T8: 0 | U8: 0 | V8: 0 | W8: 0 | X8: 0 | Y8: 0 | Z8: 1 | AA8: 0 | AB8: 0 | AC8: 0 | AD8: 0 | AE8: 0 | AF8: 1 | AG8: 1 | AH8: 1 | AI8: 1 | AJ8: 1 | AK8: 1 | AL8: 1 | AM8: 0 | AN8: 0 | AO8: 1 | AP8: 1 | AQ8: 0 | AR8: 1 | AS8: 0 | AT8: 0 | AU8: 1 | AV8: 0 | AW8: 1 | AX8: 0 | AY8: 0 | AZ8: 0 | BA8: 1 | BB8: 1 | BC8: 1 | BD8: 0 | BE8: 0 | BF8: 1 | BG8: 0 | BH8: 0 | BI8: 0 | BJ8: 0 | BK8: 0 | BL8: 0 | BM8: 0 | BN8: 0 | BO8: 0 | BP8: 0 | BQ8: 0 | BR8: 0 | BS8: 0 | BT8: 0 | BU8: 1 | BV8: 1 | BW8: 0 | BX8: 0 | BY8: 0 | BZ8: 0 | CA8: 0 | CB8: 0 | CC8: 0 | CD8: 0 | CE8: 0 | CF8: 0 | CG8: 0 | CH8: 0 | CI8: 0 | CJ8: 0 | CK8: 0 | CL8: 0 | CM8: 0 | CN8: 0 | CO8: 0 | CP8: 0 | CQ8: 0 | CR8: 0 | CS8: 0 | CT8: 0 | CU8: 0 | CV8: 1 | CW8: 0 | CX8: 0 | CY8: 0 | CZ8: 1 | DA8: 1 | DB8: 0 | DC8: =SUM(G8:AE8) -> 3 | DD8: =SUM(AF8:AO8) -> 8 | DE8: =SUM(AP8:BX8) -> 10 | DF8: =SUM(BY8:DB8) -> 3
A9: ENFERMERIA | B9: 61922069 | C9: FILIAL ICA | D9: ALEXANDRA FLOR DE MARIA | E9: LOBOS ORMEï¿½O | F9: B | G9: 1 | H9: 0 | I9: 0 | J9: 0 | K9: 1 | L9: 1 | M9: 1 | N9: 1 | O9: 1 | P9: 0 | Q9: 0 | R9: 0 | S9: 0 | T9: 0 | U9: 0 | V9: 1 | W9: 0 | X9: 0 | Y9: 0 | Z9: 0 | AA9: 0 | AB9: 1 | AC9: 0 | AD9: 0 | AE9: 1 | AF9: 1 | AG9: 1 | AH9: 1 | AI9: 1 | AJ9: 1 | AK9: 1 | AL9: 1 | AM9: 1 | AN9: 1 | AO9: 1 | AP9: 1 | AQ9: 0 | AR9: 1 | AS9: 0 | AT9: 0 | AU9: 0 | AV9: 1 | AW9: 0 | AX9: 1 | AY9: 0 | AZ9: 0 | BA9: 0 | BB9: 0 | BC9: 0 | BD9: 0 | BE9: 0 | BF9: 1 | BG9: 0 | BH9: 0 | BI9: 0 | BJ9: 0 | BK9: 0 | BL9: 0 | BM9: 0 | BN9: 0 | BO9: 0 | BP9: 0 | BQ9: 0 | BR9: 0 | BS9: 1 | BT9: 0 | BU9: 0 | BV9: 0 | BW9: 0 | BX9: 1 | BY9: 0 | BZ9: 1 | CA9: 0 | CB9: 1 | CC9: 0 | CD9: 1 | CE9: 0 | CF9: 0 | CG9: 0 | CH9: 0 | CI9: 1 | CJ9: 0 | CK9: 0 | CL9: 0 | CM9: 0 | CN9: 1 | CO9: 0 | CP9: 1 | CQ9: 0 | CR9: 0 | CS9: 0 | CT9: 0 | CU9: 0 | CV9: 1 | CW9: 0 | CX9: 0 | CY9: 0 | CZ9: 0 | DA9: 1 | DB9: 0 | DC9: =SUM(G9:AE9) -> 9 | DD9: =SUM(AF9:AO9) -> 10 | DE9: =SUM(AP9:BX9) -> 7 | DF9: =SUM(BY9:DB9) -> 8
A10: ENFERMERIA | B10: 61281161 | C10: FILIAL ICA | D10: NAYELI ESTEFANI | E10: LUDEï¿½A ASTOCAZA | F10: B | G10: 0 | H10: 1 | I10: 0 | J10: 1 | K10: 0 | L10: 0 | M10: 0 | N10: 0 | O10: 1 | P10: 0 | Q10: 1 | R10: 1 | S10: 1 | T10: 0 | U10: 0 | V10: 0 | W10: 0 | X10: 0 | Y10: 0 | Z10: 0 | AA10: 1 | AB10: 0 | AC10: 0 | AD10: 0 | AE10: 0 | AF10: 1 | AG10: 1 | AH10: 1 | AI10: 1 | AJ10: 1 | AK10: 0 | AL10: 1 | AM10: 0 | AN10: 1 | AO10: 1 | AP10: 0 | AQ10: 1 | AR10: 1 | AS10: 0 | AT10: 1 | AU10: 0 | AV10: 0 | AW10: 0 | AX10: 0 | AY10: 0 | AZ10: 0 | BA10: 0 | BB10: 1 | BC10: 1 | BD10: 0 | BE10: 0 | BF10: 0 | BG10: 0 | BH10: 1 | BI10: 0 | BJ10: 0 | BK10: 1 | BL10: 0 | BM10: 0 | BN10: 1 | BO10: 0 | BP10: 0 | BQ10: 0 | BR10: 0 | BS10: 0 | BT10: 1 | BU10: 0 | BV10: 0 | BW10: 0 | BX10: 0 | BY10: 1 | BZ10: 0 | CA10: 1 | CB10: 0 | CC10: 0 | CD10: 1 | CE10: 1 | CF10: 0 | CG10: 0 | CH10: 0 | CI10: 1 | CJ10: 0 | CK10: 0 | CL10: 0 | CM10: 0 | CN10: 0 | CO10: 0 | CP10: 0 | CQ10: 0 | CR10: 0 | CS10: 0 | CT10: 0 | CU10: 1 | CV10: 1 | CW10: 0 | CX10: 0 | CY10: 0 | CZ10: 0 | DA10: 1 | DB10: 0 | DC10: =SUM(G10:AE10) -> 7 | DD10: =SUM(AF10:AO10) -> 8 | DE10: =SUM(AP10:BX10) -> 9 | DF10: =SUM(BY10:DB10) -> 8
A11: ENFERMERIA | B11: 72350542 | C11: FILIAL ICA | D11: FRIDA ELIZABETH | E11: CABRERA CRUZ | F11: B | G11: 1 | H11: 0 | I11: 0 | J11: 0 | K11: 1 | L11: 0 | M11: 1 | N11: 0 | O11: 1 | P11: 0 | Q11: 0 | R11: 0 | S11: 1 | T11: 0 | U11: 0 | V11: 0 | W11: 0 | X11: 0 | Y11: 0 | Z11: 0 | AA11: 0 | AB11: 1 | AC11: 1 | AD11: 1 | AE11: 0 | AF11: 0 | AG11: 1 | AH11: 1 | AI11: 0 | AJ11: 1 | AK11: 0 | AL11: 0 | AM11: 1 | AN11: 1 | AO11: 1 | AP11: 1 | AQ11: 1 | AR11: 1 | AS11: 0 | AT11: 0 | AU11: 0 | AV11: 0 | AW11: 0 | AX11: 0 | AY11: 1 | AZ11: 0 | BA11: 1 | BB11: 0 | BC11: 0 | BD11: 1 | BE11: 1 | BF11: 0 | BG11: 0 | BH11: 1 | BI11: 1 | BJ11: 0 | BK11: 1 | BL11: 0 | BM11: 0 | BN11: 0 | BO11: 0 | BP11: 1 | BQ11: 0 | BR11: 0 | BS11: 0 | BT11: 1 | BU11: 0 | BV11: 0 | BW11: 0 | BX11: 0 | BY11: 1 | BZ11: 1 | CA11: 0 | CB11: 0 | CC11: 0 | CD11: 1 | CE11: 0 | CF11: 0 | CG11: 1 | CH11: 0 | CI11: 0 | CJ11: 0 | CK11: 0 | CL11: 0 | CM11: 0 | CN11: 0 | CO11: 1 | CP11: 1 | CQ11: 0 | CR11: 0 | CS11: 0 | CT11: 0 | CU11: 0 | CV11: 1 | CW11: 0 | CX11: 0 | CY11: 0 | CZ11: 0 | DA11: 0 | DB11: 0 | DC11: =SUM(G11:AE11) -> 8 | DD11: =SUM(AF11:AO11) -> 6 | DE11: =SUM(AP11:BX11) -> 12 | DF11: =SUM(BY11:DB11) -> 7
A12: OBSTETRICIA | B12: 61086522 | C12: FILIAL ICA | D12: VALERY MIDORY | E12: LOBO ESPINO | F12: B | G12: 0 | H12: 0 | I12: 0 | J12: 1 | K12: 1 | L12: 1 | M12: 1 | N12: 0 | O12: 1 | P12: 0 | Q12: 1 | R12: 0 | S12: 0 | T12: 0 | U12: 0 | V12: 0 | W12: 0 | X12: 0 | Y12: 0 | Z12: 0 | AA12: 0 | AB12: 1 | AC12: 0 | AD12: 0 | AE12: 0 | AF12: 1 | AG12: 1 | AH12: 1 | AI12: 1 | AJ12: 1 | AK12: 1 | AL12: 1 | AM12: 1 | AN12: 1 | AO12: 1 | AP12: 1 | AQ12: 1 | AR12: 1 | AS12: 1 | AT12: 0 | AU12: 0 | AV12: 0 | AW12: 1 | AX12: 1 | AY12: 1 | AZ12: 0 | BA12: 1 | BB12: 0 | BC12: 0 | BD12: 1 | BE12: 1 | BF12: 1 | BG12: 0 | BH12: 0 | BI12: 1 | BJ12: 0 | BK12: 1 | BL12: 1 | BM12: 1 | BN12: 1 | BO12: 0 | BP12: 0 | BQ12: 0 | BR12: 0 | BS12: 1 | BT12: 0 | BU12: 1 | BV12: 0 | BW12: 0 | BX12: 1 | BY12: 1 | BZ12: 1 | CA12: 1 | CB12: 1 | CC12: 0 | CD12: 0 | CE12: 1 | CF12: 0 | CG12: 0 | CH12: 0 | CI12: 0 | CJ12: 0 | CK12: 0 | CL12: 0 | CM12: 0 | CN12: 0 | CO12: 0 | CP12: 1 | CQ12: 0 | CR12: 0 | CS12: 0 | CT12: 1 | CU12: 0 | CV12: 0 | CW12: 0 | CX12: 0 | CY12: 0 | CZ12: 0 | DA12: 1 | DB12: 0 | DC12: =SUM(G12:AE12) -> 7 | DD12: =SUM(AF12:AO12) -> 10 | DE12: =SUM(AP12:BX12) -> 19 | DF12: =SUM(BY12:DB12) -> 8
A13: ENFERMERIA | B13: 76566219 | C13: SEDE CHINCHA | D13: MARIA ANGELICA | E13: PALMA MOGOLLON | F13: B | G13: 0 | H13: 1 | I13: 1 | J13: 0 | K13: 1 | L13: 1 | M13: 0 | N13: 0 | O13: 1 | P13: 0 | Q13: 1 | R13: 0 | S13: 0 | T13: 0 | U13: 0 | V13: 0 | W13: 0 | X13: 0 | Y13: 0 | Z13: 0 | AA13: 1 | AB13: 1 | AC13: 0 | AD13: 0 | AE13: 0 | AF13: 0 | AG13: 1 | AH13: 1 | AI13: 0 | AJ13: 1 | AK13: 1 | AL13: 1 | AM13: 0 | AN13: 1 | AO13: 1 | AP13: 0 | AQ13: 0 | AR13: 0 | AS13: 0 | AT13: 0 | AU13: 0 | AV13: 0 | AW13: 0 | AX13: 1 | AY13: 1 | AZ13: 0 | BA13: 0 | BB13: 0 | BC13: 0 | BD13: 0 | BE13: 1 | BF13: 0 | BG13: 0 | BH13: 0 | BI13: 0 | BJ13: 0 | BK13: 0 | BL13: 0 | BM13: 0 | BN13: 0 | BO13: 0 | BP13: 0 | BQ13: 0 | BR13: 0 | BS13: 0 | BT13: 1 | BU13: 0 | BV13: 1 | BW13: 0 | BX13: 0 | BY13: 1 | BZ13: 1 | CA13: 0 | CB13: 0 | CC13: 0 | CD13: 0 | CE13: 0 | CF13: 0 | CG13: 0 | CH13: 0 | CI13: 0 | CJ13: 0 | CK13: 1 | CL13: 1 | CM13: 0 | CN13: 1 | CO13: 0 | CP13: 0 | CQ13: 0 | CR13: 0 | CS13: 0 | CT13: 1 | CU13: 0 | CV13: 0 | CW13: 0 | CX13: 0 | CY13: 1 | CZ13: 0 | DA13: 0 | DB13: 0 | DC13: =SUM(G13:AE13) -> 8 | DD13: =SUM(AF13:AO13) -> 7 | DE13: =SUM(AP13:BX13) -> 5 | DF13: =SUM(BY13:DB13) -> 7
A14: INGENIERIA DE SISTEMAS | B14: 61833254 | C14: Sede Chincha | D14: FABIAN EDUARDO | E14: CONTRERAS AGUIRRE | F14: A | G14: 0 | H14: 1 | I14: 0 | J14: 1 | K14: 1 | L14: 0 | M14: 1 | N14: 0 | O14: 1 | P14: 0 | Q14: 0 | R14: 1 | S14: 0 | T14: 0 | U14: 0 | V14: 0 | W14: 0 | X14: 1 | Y14: 0 | Z14: 1 | AA14: 1 | AB14: 0 | AC14: 0 | AD14: 0 | AE14: 0 | AF14: 1 | AG14: 1 | AH14: 1 | AI14: 1 | AJ14: 1 | AK14: 0 | AL14: 1 | AM14: 1 | AN14: 1 | AO14: 1 | AP14: 1 | AQ14: 1 | AR14: 1 | AS14: 0 | AT14: 0 | AU14: 1 | AV14: 1 | AW14: 0 | AX14: 0 | AY14: 1 | AZ14: 0 | BA14: 1 | BB14: 0 | BC14: 0 | BD14: 1 | BE14: 0 | BF14: 0 | BG14: 0 | BH14: 0 | BI14: 0 | BJ14: 0 | BK14: 0 | BL14: 0 | BM14: 0 | BN14: 0 | BO14: 0 | BP14: 1 | BQ14: 0 | BR14: 0 | BS14: 1 | BT14: 0 | BU14: 1 | BV14: 0 | BW14: 0 | BX14: 0 | BY14: 1 | BZ14: 1 | CA14: 0 | CB14: 0 | CC14: 1 | CD14: 0 | CE14: 0 | CF14: 0 | CG14: 0 | CH14: 1 | CI14: 1 | CJ14: 0 | CK14: 0 | CL14: 0 | CM14: 1 | CN14: 0 | CO14: 1 | CP14: 0 | CQ14: 0 | CR14: 0 | CS14: 0 | CT14: 0 | CU14: 0 | CV14: 1 | CW14: 0 | CX14: 0 | CY14: 0 | CZ14: 1 | DA14: 0 | DB14: 0 | DC14: =SUM(G14:AE14) -> 9 | DD14: =SUM(AF14:AO14) -> 9 | DE14: =SUM(AP14:CM14) -> 17 | DF14: =SUM(BY14:DB14) -> 9
A15: INGENIERIA DE SISTEMAS | B15: 60984967 | C15: Sede Chincha | D15: CRISTHIAN SMITT | E15: VASQUEZ PULIDO | F15: A | G15: 1 | H15: 0 | I15: 1 | J15: 1 | K15: 0 | L15: 0 | M15: 1 | N15: 0 | O15: 1 | P15: 1 | Q15: 0 | R15: 0 | S15: 0 | T15: 0 | U15: 0 | V15: 0 | W15: 0 | X15: 0 | Y15: 0 | Z15: 0 | AA15: 0 | AB15: 0 | AC15: 0 | AD15: 0 | AE15: 0 | AF15: 0 | AG15: 1 | AH15: 1 | AI15: 0 | AJ15: 0 | AK15: 1 | AL15: 1 | AM15: 0 | AN15: 1 | AO15: 1 | AP15: 1 | AQ15: 0 | AR15: 1 | AS15: 0 | AT15: 0 | AU15: 0 | AV15: 0 | AW15: 0 | AX15: 0 | AY15: 0 | AZ15: 0 | BA15: 0 | BB15: 0 | BC15: 0 | BD15: 1 | BE15: 0 | BF15: 0 | BG15: 0 | BH15: 0 | BI15: 1 | BJ15: 0 | BK15: 0 | BL15: 0 | BM15: 0 | BN15: 1 | BO15: 0 | BP15: 0 | BQ15: 0 | BR15: 0 | BS15: 0 | BT15: 1 | BU15: 1 | BV15: 1 | BW15: 0 | BX15: 0 | BY15: 1 | BZ15: 0 | CA15: 0 | CB15: 0 | CC15: 0 | CD15: 0 | CE15: 0 | CF15: 0 | CG15: 1 | CH15: 0 | CI15: 1 | CJ15: 0 | CK15: 0 | CL15: 0 | CM15: 0 | CN15: 1 | CO15: 0 | CP15: 0 | CQ15: 0 | CR15: 0 | CS15: 0 | CT15: 1 | CU15: 0 | CV15: 0 | CW15: 0 | CX15: 0 | CY15: 1 | CZ15: 1 | DA15: 0 | DB15: 0 | DC15: =SUM(G15:AE15) -> 6 | DD15: =SUM(AF15:AO15) -> 6 | DE15: =SUM(AP15:CM15) -> 11 | DF15: =SUM(BY15:DB15) -> 7
A16: OBSTETRICIA | B16: 61110830 | C16: SEDE CHINCHA | D16: CELESTE DALIA NICOLE | E16: MAGALLANES LUYO | F16: B | G16: 1 | H16: 1 | I16: 1 | J16: 0 | K16: 1 | L16: 0 | M16: 0 | N16: 0 | O16: 1 | P16: 0 | Q16: 1 | R16: 0 | S16: 0 | T16: 0 | U16: 0 | V16: 0 | W16: 0 | X16: 0 | Y16: 0 | Z16: 0 | AA16: 1 | AB16: 0 | AC16: 0 | AD16: 0 | AE16: 0 | AF16: 1 | AG16: 1 | AH16: 1 | AI16: 1 | AJ16: 1 | AK16: 1 | AL16: 1 | AM16: 0 | AN16: 1 | AO16: 1 | AP16: 0 | AQ16: 0 | AR16: 1 | AS16: 1 | AT16: 1 | AU16: 0 | AV16: 0 | AW16: 0 | AX16: 0 | AY16: 0 | AZ16: 0 | BA16: 0 | BB16: 0 | BC16: 0 | BD16: 0 | BE16: 0 | BF16: 1 | BG16: 0 | BH16: 0 | BI16: 0 | BJ16: 0 | BK16: 1 | BL16: 1 | BM16: 0 | BN16: 0 | BO16: 0 | BP16: 0 | BQ16: 0 | BR16: 0 | BS16: 0 | BT16: 0 | BU16: 0 | BV16: 0 | BW16: 0 | BX16: 0 | BY16: 1 | BZ16: 1 | CA16: 0 | CB16: 0 | CC16: 0 | CD16: 0 | CE16: 0 | CF16: 0 | CG16: 0 | CH16: 0 | CI16: 1 | CJ16: 0 | CK16: 0 | CL16: 0 | CM16: 0 | CN16: 0 | CO16: 0 | CP16: 0 | CQ16: 0 | CR16: 0 | CS16: 1 | CT16: 1 | CU16: 1 | CV16: 0 | CW16: 0 | CX16: 0 | CY16: 0 | CZ16: 0 | DA16: 1 | DB16: 0 | DC16: =SUM(G16:AE16) -> 7 | DD16: =SUM(AF16:AO16) -> 9 | DE16: =SUM(AP16:BX16) -> 6 | DF16: =SUM(BY16:DB16) -> 7
A17: PSICOLOGIA | B17: 623377402 | C17: Sede Chincha | D17: LUCIANA DANIELA | E17: TORRES MARTINEZ | F17: B | G17: 1 | H17: 1 | I17: 0 | J17: 1 | K17: 0 | L17: 0 | M17: 1 | N17: 0 | O17: 1 | P17: 1 | Q17: 0 | R17: 0 | S17: 0 | T17: 0 | U17: 0 | V17: 0 | W17: 0 | X17: 0 | Y17: 0 | Z17: 0 | AA17: 0 | AB17: 1 | AC17: 0 | AD17: 0 | AE17: 0 | AF17: 1 | AG17: 1 | AH17: 1 | AI17: 1 | AJ17: 1 | AK17: 1 | AL17: 1 | AM17: 1 | AN17: 1 | AO17: 0 | AP17: 1 | AQ17: 0 | AR17: 1 | AS17: 0 | AT17: 1 | AU17: 1 | AV17: 1 | AW17: 0 | AX17: 1 | AY17: 1 | AZ17: 0 | BA17: 0 | BB17: 1 | BC17: 0 | BD17: 1 | BE17: 0 | BF17: 1 | BG17: 0 | BH17: 0 | BI17: 0 | BJ17: 0 | BK17: 0 | BL17: 0 | BM17: 0 | BN17: 0 | BO17: 0 | BP17: 1 | BQ17: 0 | BR17: 0 | BS17: 0 | BT17: 1 | BU17: 0 | BV17: 0 | BW17: 0 | BX17: 0 | BY17: 0 | BZ17: 1 | CA17: 0 | CB17: 0 | CC17: 0 | CD17: 1 | CE17: 0 | CF17: 1 | CG17: 1 | CH17: 1 | CI17: 1 | CJ17: 0 | CK17: 0 | CL17: 0 | CM17: 0 | CN17: 0 | CO17: 1 | CP17: 0 | CQ17: 0 | CR17: 0 | CS17: 0 | CT17: 1 | CU17: 1 | CV17: 1 | CW17: 1 | CX17: 0 | CY17: 0 | CZ17: 0 | DA17: 0 | DB17: 0 | DC17: =SUM(G17:AE17) -> 7 | DD17: =SUM(AF17:AO17) -> 9 | DE17: =SUM(AP17:BX17) -> 12 | DF17: =SUM(BY17:DB17) -> 11
A18: PSICOLOGIA | B18: 60465659 | C18: SEDE CHINCHA | D18: NAOMY SULEY | E18: TORRES LIZARVE | F18: B | G18: 1 | H18: 1 | I18: 1 | J18: 0 | K18: 1 | L18: 0 | M18: 1 | N18: 1 | O18: 1 | P18: 0 | Q18: 0 | R18: 0 | S18: 1 | T18: 0 | U18: 0 | V18: 0 | W18: 0 | X18: 0 | Y18: 1 | Z18: 0 | AA18: 0 | AB18: 1 | AC18: 0 | AD18: 1 | AE18: 0 | AF18: 1 | AG18: 1 | AH18: 1 | AI18: 0 | AJ18: 1 | AK18: 1 | AL18: 1 | AM18: 1 | AN18: 1 | AO18: 1 | AP18: 1 | AQ18: 0 | AR18: 1 | AS18: 1 | AT18: 0 | AU18: 0 | AV18: 0 | AW18: 1 | AX18: 1 | AY18: 1 | AZ18: 0 | BA18: 1 | BB18: 1 | BC18: 0 | BD18: 1 | BE18: 0 | BF18: 1 | BG18: 0 | BH18: 0 | BI18: 0 | BJ18: 1 | BK18: 1 | BL18: 0 | BM18: 0 | BN18: 0 | BO18: 0 | BP18: 0 | BQ18: 0 | BR18: 0 | BS18: 0 | BT18: 0 | BU18: 0 | BV18: 0 | BW18: 0 | BX18: 1 | BY18: 1 | BZ18: 1 | CA18: 1 | CB18: 0 | CC18: 0 | CD18: 1 | CE18: 0 | CF18: 0 | CG18: 1 | CH18: 0 | CI18: 1 | CJ18: 0 | CK18: 0 | CL18: 0 | CM18: 0 | CN18: 1 | CO18: 0 | CP18: 1 | CQ18: 0 | CR18: 0 | CS18: 0 | CT18: 0 | CU18: 1 | CV18: 1 | CW18: 0 | CX18: 0 | CY18: 0 | CZ18: 1 | DA18: 0 | DB18: 0 | DC18: =SUM(G18:AE18) -> 11 | DD18: =SUM(AF18:AO18) -> 9 | DE18: =SUM(AP18:BX18) -> 13 | DF18: =SUM(BY18:DB18) -> 11
A19: PSICOLOGIA | B19: 60485270 | C19: SEDE CHINCHA | D19: DEIBI JHORCH | E19: PANTOJA HUAYNATE | F19: B | G19: 0 | H19: 0 | I19: 1 | J19: 0 | K19: 0 | L19: 0 | M19: 1 | N19: 0 | O19: 1 | P19: 0 | Q19: 0 | R19: 0 | S19: 0 | T19: 1 | U19: 0 | V19: 0 | W19: 0 | X19: 1 | Y19: 0 | Z19: 0 | AA19: 0 | AB19: 0 | AC19: 0 | AD19: 0 | AE19: 0 | AF19: 1 | AG19: 1 | AH19: 1 | AI19: 0 | AJ19: 1 | AK19: 0 | AL19: 1 | AM19: 1 | AN19: 1 | AO19: 1 | AP19: 0 | AQ19: 0 | AR19: 1 | AS19: 0 | AT19: 1 | AU19: 0 | AV19: 1 | AW19: 0 | AX19: 0 | AY19: 0 | AZ19: 0 | BA19: 0 | BB19: 0 | BC19: 0 | BD19: 1 | BE19: 1 | BF19: 0 | BG19: 0 | BH19: 0 | BI19: 1 | BJ19: 0 | BK19: 0 | BL19: 0 | BM19: 0 | BN19: 0 | BO19: 0 | BP19: 0 | BQ19: 0 | BR19: 0 | BS19: 0 | BT19: 0 | BU19: 0 | BV19: 0 | BW19: 1 | BX19: 0 | BY19: 0 | BZ19: 1 | CA19: 0 | CB19: 1 | CC19: 1 | CD19: 1 | CE19: 0 | CF19: 0 | CG19: 0 | CH19: 0 | CI19: 1 | CJ19: 0 | CK19: 0 | CL19: 0 | CM19: 0 | CN19: 0 | CO19: 0 | CP19: 1 | CQ19: 0 | CR19: 0 | CS19: 0 | CT19: 1 | CU19: 0 | CV19: 1 | CW19: 1 | CX19: 0 | CY19: 0 | CZ19: 0 | DA19: 0 | DB19: 0 | DC19: =SUM(G19:AE19) -> 5 | DD19: =SUM(AF19:AO19) -> 8 | DE19: =SUM(AP19:BX19) -> 7 | DF19: =SUM(BY19:DB19) -> 9

Sheet Hoja1 (2)
A1: INGENIERIA CIVIL | B1: 75054959 | C1: Filia Ica | D1: GUTIRREZ JURADO | E1: LUIS ISAI | F1: A | G1: 6 | H1: 8 | I1: 14 | J1: 9
A2: INGENIERIA CIVIL | B2: 71717000 | C2: Filia Ica | D2: LUIS FERNANDO | E2: CASTAï¿½EDA FRANCO | F2: A | G2: 15 | H2: 10 | I2: 33 | J2: 13
A3: DERECHO | B3: 44085224 | C3: FILIAL ICA | D3: BELGICA ROXANA | E3: SARMIENTO FLORES | F3: C | G3: 11 | H3: 8 | I3: 8 | J3: 5
A4: DERECHO | B4: 21467253 | C4: FILIAL ICA | D4: JUAN CLIMACO | E4: VARGAS VALLE | F4: C | G4: 2 | H4: 2 | I4: 6 | J4: 4
A5: ENFERMERIA | B5: 46161161 | C5: FILIAL ICA | D5: MAYRA YAMILETH | E5: SANDOVAL ROJAS DE APARCANA | F5: B | G5: 4 | H5: 5 | I5: 9 | J5: 5
A6: ENFERMERIA | B6: 60474480 | C6: FILIAL ICA | D6: NAYELY ROSALY | E6: HUAYTALLA MARTINEZ | F6: B | G6: 5 | H6: 10 | I6: 8 | J6: 3
A7: ENFERMERIA | B7: 75054960 | C7: FILIAL ICA | D7: MARYURI ELISABETH | E7: GUTIERREZ JURADO | F7: B | G7: 5 | H7: 8 | I7: 9 | J7: 8
A8: ENFERMERIA | B8: 60971179 | C8: FILIAL ICA | D8: JARIL CAROLINA | E8: HUAMAN FLORES | F8: B | G8: 3 | H8: 8 | I8: 10 | J8: 3
A9: ENFERMERIA | B9: 61922069 | C9: FILIAL ICA | D9: ALEXANDRA FLOR DE MARIA | E9: LOBOS ORMEï¿½O | F9: B | G9: 9 | H9: 10 | I9: 7 | J9: 8
A10: ENFERMERIA | B10: 61281161 | C10: FILIAL ICA | D10: NAYELI ESTEFANI | E10: LUDEï¿½A ASTOCAZA | F10: B | G10: 7 | H10: 8 | I10: 9 | J10: 8
A11: ENFERMERIA | B11: 72350542 | C11: FILIAL ICA | D11: FRIDA ELIZABETH | E11: CABRERA CRUZ | F11: B | G11: 8 | H11: 6 | I11: 12 | J11: 7
A12: OBSTETRICIA | B12: 61086522 | C12: FILIAL ICA | D12: VALERY MIDORY | E12: LOBO ESPINO | F12: B | G12: 7 | H12: 10 | I12: 19 | J12: 8
... A19: PSICOLOGIA | B19: 60485270 | C19: SEDE CHINCHA | D19: DEIBI JHORCH | E19: PANTOJA HUAYNATE | F19: B | G19: 5 | H19: 8 | I19: 7 | J19: 9
